,Label
8885,0
8064,0
849,1
13937,0
7856,0
7772,0
5635,0
2210,1
11457,0
3526,1
15490,0
3202,1
982,1
14568,0
5500,0
5478,0
3424,1
414,1
6800,0
13000,0
10124,0
6631,0
13858,0
14615,0
4717,1
2094,1
12554,0
10310,0
5858,0
2340,1
265,1
12792,0
15975,0
6086,0
12788,0
7034,0
12694,0
11618,0
3542,1
5250,0
6672,0
15640,0
2142,1
3851,1
15029,0
1082,1
1671,1
8587,0
7089,0
5226,0
13582,0
1503,1
1971,1
8871,0
3798,1
4863,1
11227,0
694,1
12225,0
3855,1
12837,0
6210,0
11797,0
13308,0
14685,0
3094,1
14114,0
13753,0
12099,0
7061,0
5601,0
7420,0
3244,1
3100,1
4817,1
11793,0
6128,0
3563,1
8642,0
10113,0
8677,0
13369,0
15139,0
14150,0
13800,0
9457,0
14931,0
5211,0
14823,0
12118,0
12815,0
5467,0
3231,1
10895,0
12585,0
2484,1
4842,1
10360,0
12458,0
4590,1
6536,0
952,1
12750,0
10713,0
3409,1
10588,0
7417,0
1718,1
7416,0
11018,0
5066,1
14087,0
9558,0
11944,0
13191,0
9684,0
12062,0
2564,1
11463,0
1146,1
1937,1
8094,0
1031,1
3884,1
6451,0
15514,0
8866,0
12371,0
3336,1
8900,0
3858,1
96,1
14644,0
3130,1
2474,1
3931,1
2627,1
3773,1
6119,0
2239,1
11235,0
5446,0
6064,0
5770,0
11958,0
3027,1
10115,0
2389,1
9055,0
6664,0
1592,1
2391,1
3082,1
13531,0
13687,0
15556,0
8950,0
15302,0
13052,0
5537,0
15968,0
2901,1
4099,1
13063,0
13262,0
2540,1
11386,0
15311,0
13978,0
12949,0
2354,1
6857,0
10942,0
2397,1
13304,0
4184,1
13572,0
2576,1
2373,1
10379,0
14648,0
10465,0
6225,0
11051,0
1281,1
12110,0
9128,0
6682,0
7556,0
7336,0
5653,0
12024,0
9406,0
8066,0
415,1
12902,0
5013,1
15533,0
14498,0
710,1
7520,0
3528,1
4503,1
2528,1
13354,0
15759,0
5847,0
2893,1
11937,0
15935,0
9422,0
14278,0
5082,1
4091,1
10611,0
2888,1
14123,0
13202,0
1523,1
10564,0
8116,0
13320,0
1406,1
10226,0
8409,0
15427,0
8380,0
15031,0
1811,1
5683,0
15595,0
15725,0
8156,0
10928,0
7917,0
6912,0
11487,0
11500,0
14798,0
8744,0
1486,1
10765,0
7591,0
774,1
1631,1
7664,0
8331,0
469,1
14999,0
12980,0
16103,0
13819,0
9353,0
8218,0
16152,0
598,1
4562,1
7585,0
8887,0
8138,0
4659,1
1905,1
8650,0
9636,0
4684,1
12776,0
12077,0
12983,0
5080,1
8444,0
13954,0
9730,0
13557,0
11830,0
14635,0
5821,0
8482,0
6485,0
16065,0
11767,0
7740,0
9255,0
9648,0
2837,1
7457,0
3757,1
3218,1
3573,1
3132,1
10027,0
3520,1
10995,0
2588,1
3338,1
4695,1
12069,0
3353,1
4308,1
1758,1
12581,0
15134,0
852,1
1494,1
9159,0
9617,0
2464,1
10129,0
14254,0
9830,0
12193,0
10597,0
9728,0
2332,1
5364,0
4608,1
12642,0
4574,1
7271,0
500,1
11239,0
5890,0
9886,0
1046,1
9320,0
2633,1
9894,0
9982,0
7076,0
8868,0
12277,0
5981,0
14645,0
10528,0
15566,0
15656,0
777,1
10307,0
8630,0
5605,0
4019,1
1194,1
11054,0
51,1
11481,0
2304,1
16138,0
6179,0
9351,0
1113,1
2982,1
656,1
3254,1
16163,0
4921,1
1187,1
16094,0
12142,0
13997,0
565,1
4118,1
12616,0
840,1
3888,1
1642,1
9226,0
10458,0
13451,0
2666,1
1972,1
7691,0
8934,0
1149,1
4783,1
4092,1
11183,0
9254,0
765,1
5379,0
9003,0
12465,0
3872,1
6590,0
11974,0
11391,0
2620,1
8602,0
10172,0
3026,1
11859,0
4102,1
7624,0
15322,0
5107,0
12192,0
2022,1
9071,0
14435,0
6885,0
2685,1
10158,0
10553,0
7978,0
911,1
9527,0
10086,0
13791,0
14299,0
1345,1
1444,1
8487,0
3499,1
7948,0
5952,0
13678,0
15344,0
2422,1
12578,0
2732,1
80,1
4217,1
14499,0
11334,0
14759,0
12937,0
15545,0
8753,0
4739,1
13037,0
1572,1
14531,0
879,1
1578,1
14800,0
1509,1
1896,1
5312,0
14804,0
4112,1
15616,0
1845,1
5790,0
6627,0
10798,0
7748,0
4568,1
6113,0
4742,1
14922,0
7528,0
15042,0
13421,0
14227,0
9992,0
13932,0
5279,0
15271,0
14728,0
6831,0
3614,1
6306,0
2108,1
10999,0
12016,0
16141,0
8956,0
4696,1
5323,0
13376,0
8639,0
6248,0
8856,0
6345,0
14312,0
9142,0
13967,0
13920,0
4325,1
3219,1
8526,0
10042,0
7120,0
9188,0
1193,1
45,1
6025,0
976,1
10984,0
5359,0
2963,1
7017,0
1584,1
13912,0
4515,1
13865,0
10505,0
1975,1
3912,1
5438,0
10622,0
7608,0
4411,1
13933,0
11257,0
15360,0
10778,0
14253,0
5385,0
2840,1
11250,0
6176,0
11688,0
6778,0
7276,0
15247,0
12823,0
6903,0
1832,1
10417,0
13488,0
7744,0
4505,1
7173,0
37,1
576,1
8824,0
3988,1
11019,0
713,1
15578,0
10414,0
10806,0
5183,0
8948,0
2335,1
4899,1
11786,0
4420,1
10196,0
8265,0
5069,1
881,1
4900,1
7953,0
567,1
12455,0
5872,0
2245,1
11858,0
15143,0
4165,1
8827,0
12745,0
14927,0
9375,0
239,1
8031,0
9513,0
11662,0
7801,0
1597,1
10464,0
6921,0
14365,0
1901,1
1180,1
7289,0
13745,0
4302,1
3006,1
12105,0
2781,1
14421,0
15917,0
11155,0
6733,0
9238,0
9161,0
5121,0
6270,0
8990,0
9584,0
2829,1
8045,0
6107,0
6209,0
8951,0
4219,1
3686,1
13916,0
14947,0
6392,0
5340,0
3413,1
7945,0
906,1
8273,0
3693,1
15071,0
3118,1
13546,0
11446,0
8909,0
8297,0
6348,0
6216,0
5970,0
9363,0
10071,0
295,1
13090,0
7333,0
15667,0
1785,1
4382,1
11461,0
5318,0
11281,0
1284,1
6151,0
1362,1
8977,0
13723,0
5453,0
4454,1
15693,0
5963,0
8509,0
549,1
14152,0
14962,0
13780,0
3574,1
7377,0
10275,0
4352,1
7991,0
2648,1
2586,1
16200,0
4889,1
15010,0
3160,1
8279,0
3182,1
7187,0
3480,1
2377,1
14179,0
11524,0
8115,0
7925,0
14266,0
8899,0
8145,0
10833,0
14035,0
9016,0
13117,0
14719,0
5399,0
15438,0
9197,0
6393,0
15455,0
8149,0
8379,0
11069,0
11142,0
5372,0
10520,0
4955,1
1613,1
13134,0
8863,0
13908,0
6594,0
2015,1
7834,0
8019,0
13326,0
6277,0
5329,0
8882,0
2981,1
8742,0
9838,0
14189,0
243,1
4878,1
5928,0
106,1
8583,0
6158,0
14361,0
14896,0
14407,0
4830,1
8035,0
5344,0
5202,0
13740,0
11468,0
4605,1
8741,0
7030,0
14433,0
3960,1
3873,1
179,1
7463,0
6518,0
10569,0
14186,0
4793,1
7103,0
12228,0
9367,0
11527,0
29,1
2801,1
10292,0
11547,0
2922,1
12698,0
4664,1
15841,0
8796,0
7584,0
1245,1
4537,1
5554,0
4053,1
14141,0
4412,1
108,1
14822,0
6427,0
8254,0
13674,0
12177,0
8289,0
10369,0
9393,0
4394,1
14790,0
13751,0
7040,0
10892,0
4348,1
15978,0
6177,0
9317,0
1158,1
14047,0
8233,0
12791,0
11501,0
7458,0
6741,0
973,1
12169,0
4299,1
14292,0
3653,1
6062,0
13145,0
14341,0
5547,0
8337,0
3088,1
6421,0
11992,0
16124,0
8499,0
9247,0
10,1
2647,1
14220,0
1426,1
13104,0
3265,1
12742,0
12933,0
4814,1
15746,0
10450,0
1215,1
12717,0
15035,0
7356,0
14461,0
9980,0
7847,0
323,1
1344,1
4457,1
372,1
909,1
10978,0
16110,0
3399,1
496,1
10118,0
8922,0
12778,0
6252,0
13871,0
3470,1
5302,0
14263,0
8012,0
4365,1
11216,0
1195,1
7198,0
4953,1
9696,0
1423,1
6442,0
256,1
13679,0
10264,0
288,1
14363,0
15605,0
15517,0
10920,0
15410,0
4484,1
9754,0
11923,0
14784,0
7625,0
1232,1
12591,0
6779,0
8940,0
2675,1
1112,1
11755,0
8146,0
12966,0
7565,0
5524,0
267,1
13941,0
7487,0
10599,0
11913,0
7388,0
10687,0
8585,0
3048,1
7228,0
8839,0
1379,1
6112,0
12487,0
7182,0
4759,1
10368,0
13346,0
15064,0
3790,1
620,1
652,1
6189,0
8791,0
15552,0
3473,1
13366,0
5924,0
14829,0
7998,0
5019,1
12849,0
12728,0
2516,1
8408,0
12445,0
8237,0
14408,0
5286,0
8917,0
14042,0
13147,0
3603,1
7405,0
15413,0
13637,0
9713,0
1506,1
15809,0
14079,0
6194,0
11841,0
13408,0
7497,0
15807,0
4890,1
730,1
5440,0
15013,0
10846,0
13382,0
7171,0
9252,0
1745,1
10269,0
3853,1
15023,0
5221,0
15816,0
2709,1
9573,0
3388,1
11258,0
14095,0
14835,0
6092,0
10547,0
10566,0
3126,1
1156,1
10638,0
32,1
15292,0
12599,0
1336,1
14654,0
6596,0
13911,0
9559,0
1610,1
939,1
9666,0
6334,0
4023,1
7317,0
13469,0
11956,0
745,1
4083,1
14916,0
15570,0
5582,0
2877,1
5849,0
4701,1
1741,1
10034,0
12850,0
2651,1
10423,0
10446,0
5646,0
13640,0
3002,1
1821,1
10061,0
1330,1
13201,0
957,1
2110,1
8660,0
12498,0
4691,1
14306,0
1660,1
14990,0
8063,0
15775,0
12841,0
14460,0
655,1
13045,0
11730,0
15132,0
10911,0
12970,0
15314,0
2199,1
2960,1
4640,1
7689,0
5487,0
14126,0
12382,0
6433,0
7613,0
14929,0
1405,1
6291,0
2625,1
11633,0
6133,0
14033,0
5859,0
3148,1
14670,0
14574,0
2873,1
3916,1
12223,0
6459,0
7681,0
13906,0
76,1
5195,0
8295,0
9725,0
15079,0
4947,1
435,1
2260,1
1775,1
6027,0
6463,0
93,1
13425,0
14734,0
4007,1
16030,0
6679,0
11178,0
4810,1
3181,1
12570,0
1076,1
2338,1
6805,0
15367,0
1885,1
8981,0
10689,0
5773,0
4323,1
5584,0
4949,1
6876,0
13377,0
6728,0
10803,0
2759,1
8822,0
6321,0
4030,1
3352,1
1437,1
1233,1
9056,0
4281,1
5967,0
12622,0
3102,1
2465,1
7762,0
16136,0
5404,0
7955,0
449,1
6584,0
6648,0
3621,1
2317,1
9271,0
2185,1
4477,1
1890,1
1155,1
9938,0
14328,0
12129,0
1728,1
6067,0
11643,0
2997,1
11772,0
5349,0
12184,0
8600,0
4392,1
9212,0
2503,1
13778,0
2463,1
7749,0
2846,1
10041,0
5958,0
1612,1
7831,0
2191,1
1729,1
4824,1
11076,0
12107,0
11291,0
5657,0
8874,0
10420,0
5909,0
13630,0
15860,0
6480,0
7919,0
7332,0
4047,1
11997,0
5950,0
8997,0
5298,0
2556,1
15701,0
4240,1
9498,0
11278,0
14757,0
2755,1
2492,1
3139,1
9234,0
8870,0
5234,0
15038,0
3272,1
13830,0
5273,0
14864,0
2889,1
10199,0
788,1
7307,0
6724,0
13962,0
7111,0
13401,0
2194,1
6670,0
5444,0
11094,0
3377,1
4527,1
13876,0
1780,1
7907,0
2959,1
6076,0
9880,0
349,1
6196,0
14132,0
3349,1
8699,0
42,1
801,1
3529,1
15869,0
981,1
3458,1
6929,0
6503,0
5173,0
8749,0
8776,0
8104,0
10762,0
3091,1
8563,0
8756,0
2756,1
4812,1
916,1
4617,1
5614,0
1616,1
7921,0
15911,0
2146,1
5087,0
1833,1
10694,0
6843,0
13784,0
3937,1
4714,1
6712,0
9628,0
5654,0
10502,0
11681,0
782,1
7234,0
13465,0
5632,0
8495,0
10119,0
6350,0
11184,0
10514,0
9787,0
4838,1
2401,1
9920,0
4205,1
4641,1
2152,1
13128,0
14525,0
2947,1
10358,0
12927,0
3878,1
15047,0
6692,0
10080,0
5641,0
11781,0
7781,0
7202,0
12653,0
11831,0
3023,1
15822,0
3541,1
3279,1
7551,0
12332,0
11529,0
15446,0
9481,0
6605,0
15741,0
2804,1
13422,0
2211,1
8394,0
15594,0
11904,0
3133,1
11866,0
15348,0
11113,0
5938,0
4320,1
8018,0
2107,1
5128,0
12821,0
12272,0
3973,1
6266,0
3034,1
6850,0
10540,0
4663,1
12885,0
3286,1
2367,1
11047,0
15284,0
5736,0
7923,0
440,1
6114,0
13680,0
13057,0
8358,0
4692,1
14538,0
6118,0
3064,1
16129,0
1224,1
10363,0
2592,1
3247,1
2812,1
8360,0
9502,0
13486,0
2691,1
4132,1
7894,0
9445,0
2249,1
2552,1
7015,0
11429,0
10897,0
8390,0
3649,1
380,1
13231,0
10381,0
8309,0
9926,0
10218,0
1360,1
3196,1
2037,1
486,1
10752,0
9585,0
783,1
8845,0
12950,0
10932,0
12471,0
11727,0
3238,1
7460,0
8457,0
6311,0
9072,0
16158,0
7931,0
7713,0
11364,0
14416,0
1915,1
9261,0
7662,0
6422,0
14354,0
3632,1
109,1
14860,0
3464,1
2138,1
10312,0
6504,0
742,1
9287,0
12496,0
9720,0
14477,0
15222,0
15004,0
4480,1
3442,1
13131,0
7038,0
4521,1
2847,1
8211,0
13981,0
14628,0
8205,0
9898,0
6131,0
8122,0
13068,0
13311,0
1947,1
14349,0
5414,0
14394,0
14601,0
13581,0
1834,1
11701,0
9639,0
13627,0
7261,0
12699,0
13299,0
4801,1
6739,0
13214,0
14336,0
8517,0
10214,0
9537,0
3003,1
23,1
14381,0
3524,1
11876,0
5389,0
10134,0
9770,0
1309,1
15801,0
9102,0
3475,1
789,1
12870,0
12895,0
8203,0
3284,1
7567,0
2514,1
7203,0
4385,1
11877,0
4905,1
9458,0
6053,0
8260,0
15491,0
6227,0
10838,0
10769,0
16121,0
3688,1
1395,1
8354,0
6569,0
5006,1
6214,0
9948,0
16112,0
13537,0
15352,0
5257,0
7627,0
7963,0
5740,0
8178,0
15018,0
6395,0
15706,0
10630,0
6735,0
10054,0
9376,0
13712,0
3301,1
13878,0
13167,0
11705,0
5406,0
2175,1
712,1
13199,0
4279,1
4409,1
12310,0
10068,0
11288,0
5920,0
1822,1
10189,0
5411,0
14936,0
7319,0
8496,0
14236,0
11671,0
7656,0
1977,1
15044,0
13205,0
3264,1
11960,0
4834,1
5061,1
252,1
9245,0
6319,0
2098,1
10723,0
12264,0
3671,1
11708,0
13111,0
433,1
11766,0
4416,1
15296,0
7975,0
6874,0
9365,0
7515,0
15454,0
12858,0
2934,1
15249,0
8023,0
7634,0
11398,0
7682,0
16096,0
11914,0
13379,0
9049,0
10220,0
14020,0
10792,0
56,1
3412,1
6562,0
2855,1
14159,0
2986,1
4572,1
15093,0
9978,0
13055,0
11317,0
14326,0
10761,0
13119,0
12768,0
4722,1
8992,0
5965,0
8437,0
4472,1
9511,0
8823,0
6020,0
2188,1
6879,0
14245,0
5781,0
4049,1
11326,0
6462,0
7586,0
11602,0
14335,0
3544,1
16007,0
519,1
1755,1
4508,1
11286,0
8971,0
5263,0
15729,0
8091,0
227,1
9468,0
7903,0
665,1
9276,0
14313,0
14092,0
15180,0
10654,0
11217,0
10962,0
1699,1
16104,0
14096,0
1877,1
9357,0
513,1
11121,0
14973,0
12017,0
12947,0
8057,0
8187,0
13650,0
11388,0
15318,0
10329,0
11802,0
10903,0
2916,1
8698,0
480,1
13589,0
91,1
2577,1
6810,0
14716,0
9069,0
7593,0
12174,0
5272,0
12667,0
9371,0
1596,1
12638,0
3896,1
12444,0
1349,1
13263,0
9251,0
13959,0
3777,1
12002,0
15824,0
12416,0
4050,1
11864,0
12364,0
5702,0
9659,0
13240,0
2762,1
15926,0
7482,0
6372,0
3685,1
5062,1
3602,1
13812,0
9387,0
11293,0
1446,1
12353,0
1020,1
705,1
10125,0
1866,1
8396,0
11799,0
15776,0
12879,0
12695,0
2574,1
13105,0
6017,0
2956,1
9811,0
3742,1
3914,1
13708,0
12051,0
1419,1
1103,1
8131,0
10519,0
15634,0
15902,0
11218,0
1558,1
7530,0
2488,1
8015,0
13886,0
3523,1
4542,1
34,1
3400,1
8618,0
15696,0
13711,0
11230,0
8029,0
2374,1
6237,0
2652,1
5328,0
6930,0
6978,0
10905,0
13157,0
13211,0
12631,0
12748,0
292,1
2836,1
11862,0
12355,0
12518,0
2870,1
11702,0
8253,0
8303,0
11417,0
9051,0
8781,0
1535,1
1318,1
2730,1
11068,0
7372,0
7852,0
15979,0
4879,1
11287,0
9843,0
12363,0
14818,0
2228,1
2641,1
4418,1
9934,0
7615,0
6347,0
7255,0
6948,0
14134,0
356,1
8817,0
12100,0
13983,0
9195,0
4584,1
837,1
266,1
15694,0
2006,1
7100,0
14730,0
12472,0
2362,1
11324,0
12119,0
9019,0
13355,0
11843,0
7436,0
11137,0
7803,0
826,1
13523,0
4253,1
15482,0
14462,0
8983,0
1441,1
3066,1
10440,0
2748,1
3189,1
12489,0
14702,0
6461,0
3061,1
12443,0
889,1
14602,0
13595,0
7514,0
1963,1
3125,1
11750,0
7150,0
12624,0
1127,1
9931,0
12774,0
8256,0
10529,0
7442,0
15808,0
7268,0
1543,1
3263,1
9490,0
10585,0
2268,1
3770,1
8489,0
9618,0
132,1
10127,0
6138,0
12665,0
603,1
15951,0
843,1
393,1
14863,0
6558,0
7085,0
14533,0
15327,0
4989,1
10815,0
3928,1
5511,0
12593,0
14320,0
14086,0
14322,0
8568,0
2277,1
7517,0
3234,1
13275,0
3498,1
6883,0
4613,1
11495,0
7025,0
401,1
15924,0
6702,0
5727,0
15372,0
11630,0
15285,0
12426,0
4680,1
9303,0
5008,1
16182,0
3403,1
3515,1
3883,1
14228,0
16040,0
9294,0
7369,0
1573,1
15104,0
12372,0
2423,1
9487,0
5264,0
11146,0
8132,0
3548,1
253,1
8606,0
10007,0
13552,0
8724,0
12351,0
6834,0
14054,0
5501,0
8760,0
809,1
11919,0
6125,0
8231,0
2650,1
7738,0
16054,0
12619,0
3190,1
3620,1
1702,1
11520,0
12687,0
3650,1
7046,0
11013,0
15571,0
8537,0
12733,0
13709,0
12628,0
3370,1
15253,0
13180,0
15505,0
11021,0
10632,0
6383,0
10063,0
12070,0
10986,0
8128,0
11044,0
7887,0
664,1
11195,0
9711,0
14782,0
1736,1
7864,0
5259,0
14368,0
3347,1
1568,1
462,1
743,1
222,1
10628,0
3994,1
1979,1
13112,0
625,1
11535,0
9904,0
13390,0
8810,0
10683,0
14405,0
344,1
5494,0
14169,0
11890,0
1004,1
4449,1
2280,1
456,1
13996,0
9969,0
4335,1
2621,1
873,1
7412,0
15721,0
8157,0
7142,0
15620,0
5114,0
10336,0
5212,0
15288,0
1760,1
842,1
14932,0
13785,0
7600,0
5199,0
4803,1
2902,1
10820,0
7028,0
15844,0
7949,0
7824,0
779,1
15301,0
9664,0
13766,0
15908,0
3431,1
15300,0
9791,0
14156,0
12532,0
13790,0
13173,0
4725,1
1469,1
5130,0
9634,0
9626,0
13019,0
15069,0
12427,0
12318,0
10908,0
15875,0
368,1
13614,0
3593,1
1415,1
12833,0
15900,0
9338,0
8809,0
16066,0
13162,0
8862,0
7926,0
15192,0
2825,1
10085,0
1721,1
9563,0
5324,0
4060,1
15628,0
1824,1
11415,0
1397,1
13053,0
12767,0
10170,0
3232,1
14429,0
1918,1
7598,0
1569,1
1831,1
347,1
1242,1
13866,0
15789,0
12239,0
14511,0
10171,0
4656,1
9840,0
12883,0
14177,0
8732,0
11808,0
15943,0
10316,0
12242,0
8294,0
13477,0
7612,0
16074,0
14451,0
13862,0
11488,0
14164,0
6580,0
1222,1
11079,0
2134,1
12162,0
9701,0
15651,0
8819,0
7839,0
9118,0
7889,0
14771,0
509,1
11553,0
12779,0
9567,0
6400,0
6298,0
11321,0
3986,1
748,1
5246,0
1259,1
4718,1
1888,1
8925,0
11984,0
711,1
14255,0
14830,0
8692,0
5833,0
10036,0
14247,0
3438,1
4808,1
3329,1
3293,1
9202,0
12783,0
10774,0
10596,0
12510,0
16041,0
10873,0
10760,0
4865,1
5551,0
11327,0
8410,0
104,1
12813,0
1794,1
12023,0
15430,0
2386,1
12890,0
4847,1
12450,0
5837,0
8943,0
1658,1
212,1
8936,0
5886,0
4419,1
15304,0
5193,0
5735,0
1359,1
334,1
2166,1
3110,1
5709,0
13717,0
792,1
233,1
9233,0
8344,0
1064,1
209,1
12393,0
11720,0
11512,0
10313,0
4498,1
7159,0
8784,0
2413,1
6598,0
10389,0
9147,0
14029,0
834,1
871,1
12251,0
1263,1
1618,1
15146,0
4345,1
12152,0
2414,1
11510,0
14623,0
7496,0
1220,1
13824,0
1765,1
7233,0
6552,0
9210,0
14469,0
2001,1
5609,0
15179,0
4581,1
9837,0
12349,0
1485,1
3582,1
2523,1
5990,0
9124,0
14256,0
8324,0
3078,1
4833,1
11263,0
1305,1
4782,1
6206,0
8952,0
13602,0
4381,1
14379,0
7292,0
15186,0
7344,0
6243,0
6452,0
10356,0
2165,1
617,1
15723,0
3803,1
13694,0
9236,0
11092,0
9853,0
15387,0
9545,0
2163,1
4770,1
10979,0
15883,0
2004,1
10943,0
9871,0
15503,0
3047,1
13968,0
14398,0
12639,0
10203,0
13930,0
12861,0
9875,0
3095,1
10104,0
3285,1
8902,0
14669,0
8374,0
1313,1
8180,0
6423,0
8261,0
14828,0
2903,1
9452,0
3333,1
12227,0
14652,0
3053,1
12012,0
5072,1
12752,0
8486,0
10624,0
9606,0
2269,1
2694,1
15970,0
10608,0
10783,0
10148,0
11396,0
9820,0
10604,0
8612,0
9844,0
4707,1
14482,0
2114,1
15189,0
6357,0
1541,1
7199,0
2602,1
13942,0
4607,1
11311,0
9724,0
14239,0
4756,1
8944,0
5538,0
8416,0
520,1
12831,0
13172,0
13868,0
9616,0
1092,1
7704,0
9279,0
4913,1
6123,0
14113,0
3771,1
8846,0
1109,1
4655,1
10794,0
1038,1
15502,0
20,1
9084,0
11558,0
5531,0
11441,0
934,1
8629,0
9432,0
14686,0
15332,0
1726,1
4490,1
11143,0
9565,0
1737,1
11199,0
7539,0
561,1
14704,0
14982,0
12852,0
1162,1
9604,0
10843,0
13276,0
5825,0
1527,1
10029,0
8694,0
2930,1
5721,0
58,1
12845,0
8918,0
13839,0
13852,0
4483,1
2291,1
9674,0
13934,0
10933,0
10371,0
7712,0
14158,0
1649,1
15989,0
7197,0
2724,1
13194,0
938,1
4510,1
13926,0
15417,0
15867,0
4694,1
11537,0
7646,0
998,1
9500,0
4528,1
3870,1
11868,0
5354,0
15432,0
2907,1
11667,0
12483,0
3538,1
14966,0
5993,0
15331,0
915,1
14680,0
4415,1
12408,0
11134,0
10963,0
1817,1
15826,0
10707,0
3949,1
337,1
6431,0
2072,1
14072,0
14564,0
5822,0
16143,0
5143,0
8893,0
3513,1
2815,1
14847,0
6375,0
10346,0
14588,0
13875,0
14250,0
9132,0
766,1
14224,0
3782,1
11652,0
7981,0
1144,1
16183,0
13252,0
2510,1
14609,0
2273,1
2860,1
1221,1
13945,0
4864,1
15715,0
14549,0
8773,0
11109,0
7908,0
7077,0
4924,1
4532,1
7488,0
1672,1
12432,0
7974,0
9608,0
4055,1
6952,0
9921,0
1808,1
12025,0
2275,1
3761,1
15181,0
12670,0
10686,0
12055,0
2045,1
10067,0
12058,0
5113,0
1295,1
9231,0
4687,1
3952,1
10284,0
4317,1
11052,0
444,1
5519,0
858,1
8614,0
4439,1
5321,0
841,1
7779,0
14975,0
15033,0
12515,0
994,1
8314,0
12604,0
1554,1
10889,0
1973,1
1951,1
15299,0
10280,0
11509,0
15781,0
9643,0
10252,0
2513,1
14940,0
5559,0
12088,0
6301,0
2835,1
4700,1
2445,1
2233,1
3050,1
10850,0
400,1
1176,1
432,1
5198,0
6925,0
14046,0
10341,0
11379,0
10398,0
1023,1
3298,1
9057,0
9824,0
15827,0
8086,0
12988,0
5894,0
4241,1
5424,0
8594,0
3401,1
7606,0
4309,1
10484,0
4080,1
803,1
1550,1
1009,1
7315,0
6650,0
16156,0
14659,0
2737,1
11378,0
10610,0
5095,0
648,1
9542,0
2862,1
4975,1
12299,0
9876,0
6399,0
14539,0
8661,0
550,1
6860,0
15123,0
13951,0
5617,0
8638,0
9605,0
211,1
13574,0
9253,0
6343,0
8836,0
1781,1
11860,0
3543,1
11070,0
1438,1
2515,1
2868,1
2434,1
5045,1
6830,0
4792,1
11788,0
15546,0
12703,0
7391,0
6475,0
1314,1
10094,0
14390,0
13039,0
3979,1
7058,0
12,1
7623,0
818,1
2784,1
13150,0
14062,0
453,1
1049,1
15710,0
1656,1
3457,1
8515,0
14197,0
12735,0
15599,0
5139,0
2908,1
12008,0
940,1
16005,0
14586,0
8062,0
12497,0
9453,0
13207,0
7899,0
10362,0
4634,1
8957,0
11796,0
10725,0
1400,1
10506,0
30,1
6363,0
6258,0
14428,0
7341,0
3677,1
12610,0
672,1
9143,0
8398,0
7410,0
15444,0
5466,0
13660,0
7794,0
12872,0
1108,1
13795,0
14711,0
3229,1
16080,0
14230,0
8852,0
3319,1
10856,0
5835,0
4326,1
13713,0
10194,0
11097,0
2553,1
4775,1
8108,0
2686,1
13995,0
12123,0
1563,1
7474,0
555,1
3071,1
12618,0
13607,0
4474,1
8570,0
12835,0
12092,0
4856,1
5268,0
2853,1
7698,0
13430,0
7001,0
13287,0
11491,0
13442,0
10679,0
14571,0
4601,1
14112,0
8020,0
7399,0
14978,0
2213,1
4929,1
11823,0
13776,0
12935,0
14468,0
2111,1
13844,0
8797,0
7767,0
16100,0
8657,0
9704,0
8280,0
15376,0
4446,1
14688,0
12170,0
12801,0
8613,0
5026,1
28,1
15364,0
13021,0
11056,0
13280,0
355,1
1429,1
14439,0
7191,0
7087,0
15058,0
11724,0
15559,0
7814,0
332,1
5643,0
6865,0
9733,0
12417,0
14523,0
7258,0
4224,1
964,1
11753,0
6749,0
120,1
6794,0
4930,1
7589,0
5579,0
11331,0
328,1
4710,1
3281,1
2370,1
5522,0
2544,1
15944,0
10043,0
2885,1
10870,0
11949,0
2178,1
16059,0
4898,1
5153,0
1209,1
5170,0
15751,0
10579,0
12133,0
10812,0
3123,1
13008,0
1544,1
8539,0
15436,0
11631,0
8854,0
12229,0
10419,0
10946,0
14797,0
945,1
11597,0
4550,1
14506,0
13225,0
13513,0
9029,0
10865,0
15448,0
1675,1
11740,0
1561,1
15608,0
7413,0
15639,0
8550,0
6213,0
8665,0
6044,0
4541,1
1782,1
8284,0
9048,0
14563,0
1095,1
8040,0
12909,0
12018,0
3287,1
13423,0
677,1
6193,0
2605,1
12036,0
1392,1
14631,0
14053,0
752,1
1711,1
3737,1
15857,0
15854,0
13873,0
3215,1
797,1
13015,0
1777,1
4113,1
1770,1
14783,0
6934,0
13295,0
13840,0
8158,0
6412,0
3022,1
15041,0
4228,1
14938,0
3012,1
14827,0
6875,0
12429,0
5764,0
16196,0
4619,1
14023,0
13700,0
8009,0
16195,0
527,1
366,1
6098,0
14908,0
4264,1
4262,1
15942,0
6825,0
1919,1
7250,0
701,1
6170,0
7666,0
12562,0
5018,1
6870,0
14384,0
4423,1
12834,0
6862,0
14919,0
4868,1
1298,1
11478,0
7443,0
12352,0
1352,1
2926,1
8704,0
12606,0
1287,1
7722,0
15555,0
13288,0
4350,1
9396,0
3697,1
2013,1
15878,0
4373,1
9781,0
5677,0
13073,0
9199,0
2147,1
9125,0
2705,1
11418,0
5473,0
9214,0
2570,1
10938,0
15082,0
10460,0
10840,0
2857,1
12780,0
15598,0
810,1
5317,0
5684,0
15254,0
14885,0
312,1
2073,1
11283,0
12217,0
11901,0
885,1
1477,1
1790,1
3142,1
14345,0
15170,0
9006,0
2008,1
3454,1
682,1
3895,1
13092,0
14646,0
6955,0
7799,0
57,1
12010,0
14660,0
7918,0
2399,1
14272,0
15614,0
4126,1
15805,0
9554,0
10050,0
1468,1
5761,0
1416,1
470,1
2358,1
2722,1
5419,0
6886,0
8285,0
13851,0
13771,0
14109,0
4525,1
4610,1
8049,0
13082,0
6041,0
12538,0
3869,1
9586,0
15557,0
13989,0
6786,0
7782,0
9709,0
11427,0
12762,0
4674,1
7456,0
1055,1
2281,1
15204,0
12059,0
15811,0
5700,0
7541,0
1924,1
6379,0
16178,0
4907,1
12194,0
15837,0
1075,1
1115,1
3936,1
3533,1
13426,0
13750,0
460,1
14427,0
11674,0
3032,1
4207,1
6713,0
14481,0
6398,0
12612,0
5841,0
7900,0
1452,1
2149,1
319,1
4969,1
12004,0
6769,0
1922,1
11256,0
14437,0
10437,0
13097,0
15733,0
13210,0
9470,0
15321,0
2129,1
6403,0
14431,0
6478,0
6300,0
9383,0
11821,0
9581,0
7310,0
13336,0
2509,1
7281,0
1052,1
6840,0
7741,0
6152,0
1681,1
11136,0
4067,1
5024,1
1456,1
8908,0
361,1
14200,0
15553,0
9737,0
15990,0
3145,1
14638,0
9265,0
505,1
11282,0
8011,0
14473,0
11212,0
10455,0
12976,0
540,1
4235,1
5507,0
13755,0
10303,0
11840,0
10864,0
14668,0
754,1
8826,0
2003,1
13475,0
2542,1
6073,0
2918,1
10436,0
5218,0
10619,0
7053,0
237,1
4271,1
5875,0
6657,0
100,1
8847,0
11711,0
10370,0
8027,0
5362,0
4766,1
9851,0
7503,0
4880,1
12462,0
601,1
10334,0
14494,0
6182,0
1582,1
16193,0
2431,1
9244,0
1044,1
12565,0
1557,1
5009,1
13527,0
1487,1
6577,0
7633,0
11369,0
14939,0
9611,0
2115,1
5795,0
14432,0
10497,0
15278,0
5491,0
12596,0
618,1
3799,1
9045,0
14198,0
15855,0
3396,1
1600,1
13391,0
14315,0
1615,1
1752,1
9430,0
2040,1
2083,1
7477,0
15963,0
546,1
6199,0
11647,0
10364,0
12213,0
5147,0
12114,0
675,1
7796,0
2545,1
4371,1
13514,0
3999,1
15411,0
6014,0
5096,0
7169,0
11778,0
175,1
15453,0
2208,1
3609,1
12705,0
14051,0
3787,1
8262,0
11489,0
6458,0
7110,0
8926,0
2225,1
3049,1
296,1
1126,1
9123,0
15445,0
12291,0
2441,1
13958,0
16101,0
8695,0
1322,1
1603,1
4210,1
12633,0
13991,0
10206,0
4065,1
6904,0
1294,1
5007,1
10877,0
6069,0
6386,0
15177,0
11505,0
2063,1
4071,1
1507,1
9412,0
1559,1
9647,0
5577,0
8025,0
2583,1
13219,0
8631,0
1836,1
5611,0
12583,0
9050,0
5335,0
1354,1
15612,0
4141,1
11848,0
9782,0
10208,0
14339,0
4844,1
4723,1
6260,0
14556,0
6906,0
3280,1
4032,1
6720,0
1235,1
12454,0
9052,0
16201,0
15527,0
14480,0
12863,0
2251,1
1025,1
12634,0
10476,0
6649,0
15467,0
8816,0
8206,0
3397,1
313,1
636,1
6149,0
9293,0
12467,0
10365,0
13467,0
8099,0
14911,0
13267,0
10673,0
1152,1
2970,1
9189,0
12948,0
2584,1
15652,0
3885,1
15585,0
12524,0
12203,0
4771,1
14795,0
11619,0
6697,0
13445,0
1244,1
12189,0
15356,0
12675,0
7131,0
6058,0
1840,1
14768,0
1564,1
3673,1
8798,0
14067,0
4698,1
16160,0
3320,1
5192,0
7672,0
2272,1
15252,0
6157,0
4254,1
4773,1
6575,0
10918,0
4709,1
847,1
11395,0
15515,0
5544,0
5526,0
838,1
5461,0
9285,0
9263,0
7532,0
7251,0
8452,0
7759,0
4597,1
5916,0
1417,1
5785,0
7773,0
8774,0
3848,1
604,1
15215,0
14280,0
2078,1
13358,0
7225,0
2311,1
9826,0
4343,1
1471,1
9023,0
1982,1
9240,0
4466,1
199,1
6676,0
485,1
6975,0
3270,1
4724,1
5728,0
2823,1
4551,1
10537,0
5336,0
3245,1
4453,1
11063,0
5817,0
8949,0
3749,1
2202,1
8993,0
8001,0
13241,0
2794,1
11078,0
13266,0
11198,0
524,1
13411,0
15025,0
947,1
12525,0
10018,0
12848,0
1280,1
9995,0
122,1
4366,1
5885,0
7428,0
13914,0
12567,0
8725,0
2302,1
13294,0
14661,0
13969,0
10192,0
5820,0
11169,0
1005,1
3460,1
8142,0
13398,0
14598,0
3055,1
14436,0
3566,1
48,1
2132,1
501,1
14385,0
10427,0
3185,1
6153,0
7582,0
11707,0
229,1
9623,0
4001,1
14184,0
14842,0
12011,0
9962,0
3007,1
10157,0
4587,1
4221,1
4305,1
9942,0
1074,1
2750,1
9742,0
595,1
7653,0
7210,0
4376,1
2944,1
6758,0
8349,0
2718,1
3362,1
12124,0
9173,0
5824,0
11057,0
15791,0
5230,0
9746,0
11209,0
6746,0
4161,1
13845,0
12491,0
6878,0
12156,0
11340,0
13360,0
7578,0
5322,0
5561,0
9675,0
14496,0
7690,0
14273,0
14391,0
11973,0
13654,0
11685,0
9222,0
4867,1
9825,0
9469,0
1017,1
8740,0
7743,0
1928,1
14066,0
350,1
10187,0
223,1
6030,0
15169,0
14110,0
9933,0
2500,1
15019,0
564,1
11090,0
10740,0
9864,0
16168,0
3933,1
7959,0
2707,1
16002,0
15763,0
9970,0
3535,1
13805,0
15886,0
13142,0
7525,0
821,1
13833,0
10702,0
15043,0
7645,0
14736,0
2833,1
7406,0
9756,0
14371,0
11492,0
9801,0
7768,0
12186,0
4095,1
2689,1
1189,1
4845,1
5210,0
3990,1
8060,0
5676,0
11082,0
10753,0
16133,0
10438,0
9530,0
3880,1
10721,0
9592,0
14452,0
4934,1
9749,0
14910,0
7746,0
5235,0
3945,1
2164,1
2886,1
12641,0
8292,0
5666,0
172,1
639,1
11678,0
9682,0
14073,0
13731,0
5065,1
11675,0
7435,0
11910,0
14697,0
2486,1
9929,0
8257,0
11570,0
11024,0
2024,1
1872,1
354,1
5360,0
15149,0
1164,1
13148,0
3395,1
10074,0
3127,1
9216,0
11518,0
4354,1
10763,0
8898,0
3587,1
11180,0
324,1
7890,0
5171,0
5648,0
6743,0
13702,0
3209,1
13393,0
15602,0
2379,1
11295,0
8021,0
9407,0
6658,0
13811,0
8177,0
13096,0
4421,1
1101,1
8719,0
8061,0
3250,1
3557,1
709,1
118,1
4598,1
2042,1
15336,0
6130,0
8364,0
14080,0
15619,0
13787,0
6606,0
14553,0
5003,1
6523,0
4273,1
5739,0
13738,0
5470,0
5816,0
87,1
7630,0
4163,1
3382,1
403,1
15778,0
11436,0
6378,0
2241,1
9727,0
11575,0
10650,0
6310,0
5517,0
2436,1
4689,1
13872,0
12938,0
6856,0
10479,0
6654,0
1425,1
5027,1
5281,0
9976,0
1502,1
13939,0
678,1
6673,0
5851,0
7194,0
14740,0
5053,1
1850,1
6522,0
1070,1
11879,0
6784,0
13499,0
3392,1
1099,1
12809,0
12575,0
418,1
10251,0
5819,0
9612,0
9924,0
15851,0
15984,0
8916,0
15749,0
722,1
5176,0
1860,1
13777,0
15507,0
14742,0
1992,1
10548,0
10727,0
9595,0
10648,0
6117,0
3459,1
6567,0
16024,0
13012,0
15115,0
12746,0
5492,0
9386,0
13530,0
12904,0
12956,0
13953,0
3625,1
14632,0
12766,0
848,1
2248,1
5616,0
14393,0
11513,0
8118,0
5303,0
4052,1
8829,0
13246,0
4076,1
997,1
4332,1
551,1
13041,0
4372,1
3497,1
8778,0
13835,0
1407,1
13649,0
10780,0
10391,0
693,1
5011,1
3443,1
15287,0
4222,1
8283,0
11628,0
10299,0
261,1
15068,0
5497,0
13538,0
4016,1
3626,1
9930,0
445,1
6752,0
5111,0
3555,1
7338,0
3367,1
10771,0
2526,1
13988,0
8991,0
1168,1
4144,1
16083,0
8276,0
3149,1
880,1
6747,0
7572,0
15499,0
1467,1
16027,0
11852,0
6537,0
452,1
4137,1
3039,1
14378,0
9622,0
16164,0
579,1
6571,0
7467,0
12263,0
9577,0
12758,0
4157,1
6349,0
9329,0
402,1
4428,1
3057,1
7060,0
164,1
10872,0
3317,1
7865,0
10862,0
6851,0
1847,1
12796,0
1334,1
14331,0
11152,0
14083,0
6997,0
706,1
3491,1
4573,1
12434,0
7706,0
7054,0
5580,0
3151,1
15542,0
15190,0
4022,1
9609,0
10845,0
12081,0
2429,1
246,1
3815,1
9090,0
2262,1
835,1
1173,1
6437,0
12461,0
9906,0
10393,0
5289,0
8098,0
10890,0
250,1
11596,0
7952,0
15861,0
7334,0
2793,1
7795,0
13847,0
3407,1
9531,0
7422,0
14772,0
11422,0
10495,0
5629,0
4002,1
12679,0
4753,1
10668,0
4196,1
3681,1
3019,1
4310,1
7448,0
15790,0
3985,1
9514,0
2569,1
11617,0
4277,1
3666,1
8412,0
16049,0
2446,1
6821,0
8628,0
6520,0
12449,0
3172,1
1223,1
544,1
1204,1
13802,0
7242,0
2637,1
8904,0
14002,0
13265,0
14170,0
877,1
8388,0
15797,0
4379,1
11626,0
3908,1
7688,0
6496,0
14018,0
8447,0
15534,0
8075,0
6964,0
6479,0
4711,1
14542,0
14293,0
13424,0
2682,1
9402,0
2508,1
4314,1
10223,0
13601,0
5356,0
6639,0
5972,0
3734,1
9601,0
7787,0
13860,0
1876,1
9707,0
5262,0
8446,0
5159,0
13841,0
12335,0
759,1
5481,0
654,1
5812,0
5288,0
2892,1
5636,0
3044,1
8520,0
11020,0
11370,0
7318,0
6159,0
9385,0
6022,0
5092,0
14276,0
15650,0
1131,1
3659,1
14960,0
2663,1
14871,0
5378,0
5533,0
15621,0
12914,0
13763,0
8759,0
11043,0
2880,1
5839,0
3381,1
4957,1
11542,0
5720,0
10415,0
942,1
3235,1
3257,1
12274,0
14666,0
8368,0
8627,0
8687,0
308,1
1565,1
6727,0
2135,1
9575,0
14270,0
9364,0
9384,0
13278,0
7393,0
2276,1
7072,0
10732,0
14412,0
2623,1
10425,0
8534,0
14866,0
231,1
8371,0
11204,0
737,1
15591,0
9191,0
8216,0
14836,0
11806,0
10536,0
5705,0
11298,0
5935,0
6495,0
755,1
8913,0
15228,0
8119,0
12273,0
6200,0
15119,0
69,1
5367,0
8084,0
5682,0
13022,0
1680,1
11545,0
12945,0
5961,0
2603,1
7868,0
9564,0
12590,0
13357,0
14753,0
2283,1
3732,1
10477,0
15273,0
13662,0
6620,0
9162,0
5127,0
1545,1
739,1
12439,0
12354,0
6984,0
6795,0
3518,1
13706,0
773,1
865,1
8521,0
5200,0
12822,0
641,1
10909,0
10811,0
3203,1
7288,0
5204,0
15518,0
6923,0
16020,0
11225,0
12028,0
15531,0
11347,0
14235,0
3309,1
363,1
3723,1
7670,0
4726,1
12710,0
2940,1
471,1
1641,1
14281,0
13098,0
1172,1
13175,0
6085,0
14883,0
9922,0
3364,1
10884,0
1410,1
10373,0
6666,0
8634,0
815,1
6500,0
7322,0
2131,1
1797,1
7727,0
4575,1
5190,0
8167,0
3122,1
5365,0
4275,1
15036,0
3089,1
15985,0
16173,0
10405,0
5253,0
15833,0
1532,1
13994,0
2831,1
8269,0
14903,0
13381,0
12384,0
14779,0
1299,1
6273,0
5499,0
10397,0
11603,0
13001,0
1480,1
1601,1
5091,0
7067,0
10008,0
3661,1
14945,0
8747,0
4825,1
5680,0
397,1
14537,0
2506,1
14160,0
9953,0
3010,1
11074,0
723,1
300,1
14076,0
9652,0
7328,0
4185,1
14606,0
14597,0
12148,0
4582,1
14725,0
7367,0
9892,0
15874,0
7433,0
13302,0
6965,0
1212,1
7055,0
8855,0
15261,0
11817,0
9473,0
13863,0
5427,0
14125,0
11850,0
8857,0
7216,0
5994,0
8834,0
3767,1
4272,1
15682,0
9562,0
786,1
10215,0
9661,0
11173,0
7853,0
14360,0
2905,1
4626,1
996,1
12437,0
15688,0
7246,0
6250,0
15603,0
8055,0
15461,0
5523,0
14817,0
7505,0
156,1
14532,0
3085,1
11289,0
1552,1
12929,0
14577,0
495,1
2321,1
912,1
9798,0
8777,0
151,1
9520,0
11330,0
11095,0
1738,1
3001,1
14712,0
6961,0
14642,0
2883,1
3720,1
7127,0
888,1
5471,0
3201,1
10499,0
4823,1
4704,1
343,1
4136,1
11699,0
3188,1
4522,1
2223,1
2121,1
6858,0
14677,0
16047,0
12387,0
10259,0
7366,0
14641,0
4734,1
13675,0
1465,1
4593,1
3565,1
5840,0
283,1
15055,0
6175,0
14411,0
8911,0
4151,1
15676,0
12005,0
7376,0
9260,0
15078,0
8861,0
15779,0
3161,1
2630,1
12836,0
13826,0
10841,0
1203,1
14809,0
11004,0
616,1
3114,1
13133,0
7481,0
10097,0
2728,1
9149,0
13929,0
14171,0
10709,0
1357,1
13768,0
7798,0
12528,0
14524,0
1590,1
15742,0
3140,1
5338,0
12704,0
13729,0
547,1
7118,0
12560,0
15027,0
26,1
1067,1
3918,1
6604,0
5529,0
6678,0
5398,0
9362,0
8081,0
13796,0
15374,0
437,1
11526,0
14787,0
5269,0
1861,1
14019,0
8316,0
14426,0
2706,1
13722,0
8518,0
5325,0
6957,0
12494,0
14898,0
12064,0
14027,0
4011,1
14540,0
534,1
12216,0
585,1
11502,0
9438,0
11073,0
8683,0
12389,0
10325,0
6464,0
12718,0
15124,0
1916,1
14346,0
8107,0
15414,0
1910,1
9594,0
11599,0
1133,1
10567,0
11659,0
1317,1
4368,1
8313,0
12419,0
9373,0
7325,0
6080,0
9693,0
2601,1
6568,0
2173,1
3605,1
6429,0
9176,0
7995,0
3768,1
5077,1
8274,0
4631,1
10051,0
240,1
9544,0
10782,0
7602,0
10871,0
1867,1
9538,0
16064,0
2521,1
10690,0
1820,1
2410,1
8243,0
6637,0
5187,0
10883,0
4565,1
7942,0
13362,0
6391,0
2118,1
3779,1
14049,0
4961,1
2809,1
498,1
14988,0
10848,0
8617,0
4284,1
13693,0
10483,0
228,1
9489,0
10605,0
2741,1
11612,0
6001,0
5718,0
11067,0
5583,0
13683,0
13779,0
9443,0
1128,1
11269,0
1706,1
7450,0
3153,1
10266,0
11569,0
15583,0
6240,0
7104,0
13792,0
2721,1
7445,0
7893,0
15750,0
12381,0
8042,0
11161,0
9901,0
14754,0
12551,0
11059,0
11200,0
11765,0
9053,0
10807,0
6054,0
10939,0
13182,0
2550,1
14443,0
7440,0
6768,0
12787,0
14404,0
6449,0
11219,0
15762,0
2644,1
14205,0
4487,1
2061,1
4645,1
9112,0
15238,0
16033,0
15677,0
14617,0
7265,0
10240,0
4174,1
14232,0
13524,0
9688,0
8543,0
15947,0
983,1
11011,0
5480,0
12722,0
4797,1
15962,0
3662,1
14946,0
6947,0
4657,1
6414,0
3150,1
15138,0
9656,0
4813,1
5969,0
2939,1
1340,1
1391,1
10474,0
13985,0
10017,0
8802,0
13965,0
11931,0
12314,0
6146,0
1412,1
2256,1
12006,0
16186,0
6120,0
2212,1
5603,0
8881,0
6004,0
5417,0
4938,1
3624,1
3158,1
4267,1
9158,0
463,1
1754,1
9983,0
9775,0
6380,0
3829,1
378,1
10830,0
1335,1
15713,0
2716,1
10407,0
11135,0
14667,0
12317,0
6322,0
9985,0
10612,0
1894,1
4661,1
15712,0
7769,0
7090,0
6221,0
13799,0
10854,0
7037,0
9332,0
9404,0
10175,0
9366,0
12007,0
12085,0
3992,1
6691,0
1030,1
9164,0
2220,1
12559,0
14943,0
3793,1
12548,0
11354,0
4327,1
13881,0
8302,0
15392,0
14284,0
5731,0
2917,1
5586,0
13009,0
6326,0
1515,1
15341,0
14721,0
13645,0
2263,1
4479,1
4239,1
13798,0
14993,0
893,1
1490,1
13006,0
14696,0
8516,0
2933,1
14924,0
1129,1
731,1
3084,1
7297,0
4588,1
2795,1
8979,0
7601,0
798,1
6232,0
734,1
14723,0
2244,1
178,1
1174,1
790,1
13027,0
198,1
11091,0
7675,0
548,1
3339,1
12507,0
7465,0
10431,0
11971,0
13383,0
7533,0
66,1
4712,1
5214,0
12993,0
5033,1
11006,0
2572,1
15011,0
12671,0
622,1
6222,0
787,1
3332,1
15610,0
6008,0
11440,0
8334,0
14215,0
11403,0
9418,0
515,1
478,1
4476,1
13300,0
9553,0
6899,0
1033,1
10092,0
2598,1
1514,1
6191,0
14248,0
7237,0
5753,0
10988,0
15279,0
8236,0
8536,0
5521,0
1462,1
7915,0
1871,1
14625,0
7209,0
13135,0
7349,0
4623,1
10242,0
4818,1
220,1
13511,0
9753,0
2476,1
4248,1
12402,0
14872,0
13608,0
6487,0
10198,0
10522,0
5650,0
14776,0
11716,0
8052,0
14923,0
2881,1
1677,1
15569,0
6060,0
901,1
15998,0
15457,0
2296,1
9541,0
8488,0
9755,0
9479,0
13668,0
11998,0
6772,0
12830,0
7257,0
2580,1
7966,0
15389,0
13439,0
15976,0
10590,0
10120,0
5254,0
681,1
15120,0
3159,1
11784,0
2987,1
4908,1
1882,1
13587,0
1940,1
3296,1
3534,1
5974,0
3729,1
490,1
5708,0
1181,1
1375,1
5014,1
626,1
4758,1
11194,0
12412,0
13419,0
4180,1
13193,0
9507,0
2887,1
8876,0
4539,1
11591,0
6671,0
6453,0
9211,0
1366,1
2639,1
15362,0
5602,0
14679,0
5730,0
7204,0
5296,0
15255,0
2938,1
11089,0
15530,0
8890,0
5979,0
4534,1
10952,0
7669,0
7607,0
13011,0
11228,0
12159,0
15761,0
6681,0
5428,0
11982,0
5266,0
13483,0
15896,0
1784,1
7116,0
494,1
14689,0
9505,0
2038,1
4041,1
9281,0
2897,1
8558,0
14135,0
14816,0
13348,0
10770,0
2653,1
15385,0
9509,0
8514,0
2031,1
5089,0
813,1
7235,0
6280,0
14950,0
1079,1
2226,1
12656,0
14846,0
12128,0
9356,0
3261,1
5649,0
3862,1
2936,1
12179,0
7080,0
3917,1
13213,0
305,1
4056,1
15437,0
2999,1
10333,0
1231,1
2313,1
12753,0
11123,0
13855,0
4321,1
9030,0
16068,0
6470,0
16086,0
7500,0
13690,0
3899,1
3567,1
5452,0
8022,0
14050,0
12842,0
4270,1
8531,0
4086,1
6663,0
11825,0
13190,0
588,1
3365,1
2670,1
5515,0
16116,0
13973,0
2395,1
5506,0
2170,1
15226,0
8134,0
12499,0
9081,0
15260,0
9799,0
13541,0
5673,0
2774,1
7620,0
6559,0
10108,0
9145,0
8456,0
10923,0
15201,0
5798,0
5982,0
5882,0
10221,0
10025,0
2181,1
13189,0
1473,1
6103,0
12286,0
9082,0
11465,0
9401,0
9672,0
421,1
9350,0
2306,1
13869,0
171,1
3956,1
5606,0
15008,0
8462,0
1725,1
8938,0
11061,0
9035,0
15182,0
9842,0
904,1
3494,1
8346,0
11771,0
7797,0
7396,0
13555,0
2080,1
7928,0
12138,0
7933,0
9316,0
10670,0
11544,0
7211,0
4677,1
6533,0
5209,0
2646,1
12413,0
11863,0
12153,0
12280,0
12209,0
6365,0
12549,0
2155,1
16034,0
7370,0
14447,0
7837,0
3715,1
8111,0
11856,0
13464,0
3622,1
4516,1
7354,0
8750,0
1436,1
507,1
5275,0
5663,0
5402,0
5930,0
8947,0
2339,1
10684,0
4386,1
12623,0
7680,0
12493,0
15784,0
8693,0
643,1
10384,0
1539,1
9121,0
1211,1
12074,0
15995,0
8864,0
6106,0
5615,0
14288,0
1464,1
1192,1
3590,1
10955,0
6360,0
8697,0
13204,0
6719,0
506,1
12014,0
10010,0
10072,0
10411,0
1773,1
272,1
13250,0
15211,0
3618,1
2381,1
7008,0
9269,0
14208,0
4633,1
8504,0
746,1
7707,0
3569,1
8982,0
11245,0
8557,0
6448,0
5599,0
11408,0
11900,0
11672,0
8572,0
11448,0
9484,0
1912,1
10154,0
599,1
3892,1
5540,0
1652,1
8106,0
1893,1
13473,0
6502,0
4362,1
15840,0
375,1
1966,1
3957,1
14269,0
5696,0
1243,1
13405,0
13078,0
9899,0
941,1
11206,0
9663,0
3346,1
2657,1
15850,0
14917,0
5326,0
14211,0
6578,0
2799,1
4306,1
11756,0
12492,0
7244,0
298,1
9241,0
13249,0
3823,1
15521,0
7977,0
2035,1
4039,1
10618,0
11655,0
1499,1
3512,1
16073,0
8844,0
8362,0
6828,0
7130,0
11946,0
9952,0
4085,1
242,1
13806,0
1644,1
7371,0
10237,0
5594,0
12181,0
11126,0
5231,0
2076,1
4103,1
7493,0
9043,0
5968,0
13567,0
12818,0
3966,1
13685,0
15865,0
15224,0
6754,0
10767,0
10701,0
13504,0
4078,1
7754,0
8832,0
9462,0
2778,1
4603,1
4932,1
1985,1
3861,1
7774,0
9726,0
325,1
15230,0
6394,0
14514,0
4054,1
2237,1
5229,0
4571,1
8976,0
7454,0
1268,1
864,1
4942,1
2253,1
6010,0
6911,0
10734,0
6998,0
371,1
15066,0
7940,0
609,1
4651,1
15429,0
8872,0
12664,0
15649,0
12211,0
2364,1
7766,0
7148,0
9103,0
3789,1
11853,0
5581,0
10000,0
5060,1
9615,0
15893,0
14301,0
8671,0
662,1
13415,0
11012,0
9311,0
2776,1
4535,1
7189,0
10525,0
5573,0
6135,0
4427,1
5247,0
11255,0
3981,1
7825,0
2669,1
3977,1
279,1
14812,0
8718,0
7452,0
5197,0
15845,0
15122,0
4155,1
10959,0
4883,1
5807,0
3809,1
8713,0
14839,0
4683,1
11037,0
13663,0
11624,0
5593,0
11717,0
6897,0
4563,1
8376,0
12840,0
10212,0
1269,1
2350,1
8745,0
9589,0
1384,1
10151,0
9036,0
5856,0
297,1
8635,0
14297,0
12568,0
10649,0
2077,1
10149,0
12955,0
2229,1
2842,1
2537,1
194,1
13466,0
7362,0
6636,0
7498,0
12996,0
4042,1
6553,0
14240,0
5505,0
6854,0
6761,0
5300,0
14505,0
320,1
7135,0
1371,1
15909,0
2654,1
9099,0
11343,0
3398,1
8532,0
10387,0
12214,0
11450,0
13633,0
926,1
244,1
7469,0
8207,0
143,1
5983,0
8151,0
2363,1
11893,0
129,1
1161,1
11262,0
15876,0
5953,0
287,1
9822,0
10153,0
5308,0
14264,0
8681,0
1170,1
14122,0
12887,0
6792,0
11898,0
1859,1
11880,0
13606,0
6781,0
15493,0
11026,0
3121,1
8579,0
1311,1
1032,1
8339,0
10836,0
6382,0
7910,0
931,1
691,1
10722,0
6364,0
1909,1
9021,0
14484,0
15334,0
44,1
3939,1
10688,0
7108,0
14879,0
4319,1
2965,1
3969,1
9379,0
14557,0
10731,0
13982,0
7478,0
6308,0
4159,1
3092,1
12682,0
7954,0
5555,0
3982,1
14707,0
6940,0
1404,1
3195,1
10224,0
11118,0
14934,0
969,1
13171,0
6543,0
9117,0
2843,1
2851,1
13874,0
13823,0
5956,0
11532,0
15748,0
4471,1
12293,0
13032,0
1789,1
13436,0
2059,1
7143,0
10132,0
1902,1
4686,1
10981,0
8090,0
4922,1
6785,0
14448,0
9548,0
75,1
2345,1
6447,0
8430,0
8622,0
4586,1
15609,0
10456,0
10110,0
13233,0
1553,1
5874,0
8432,0
8975,0
13506,0
15813,0
9169,0
14459,0
5695,0
2941,1
10795,0
10834,0
7381,0
13080,0
1620,1
16188,0
9993,0
7905,0
11434,0
9549,0
13163,0
6782,0
13268,0
14268,0
11952,0
1609,1
3096,1
2415,1
11376,0
2017,1
2971,1
15887,0
3246,1
124,1
1106,1
1814,1
12663,0
14877,0
8790,0
2123,1
15244,0
11356,0
11620,0
8970,0
15675,0
2197,1
4051,1
1216,1
7701,0
725,1
9170,0
808,1
13850,0
13120,0
14767,0
4906,1
11322,0
14678,0
3962,1
12577,0
2671,1
10319,0
9427,0
9417,0
1764,1
11616,0
607,1
10216,0
10513,0
3217,1
5737,0
8479,0
2053,1
3164,1
12786,0
12440,0
14446,0
1657,1
8069,0
8644,0
2710,1
14884,0
7549,0
4266,1
6715,0
422,1
5316,0
8849,0
9673,0
2845,1
4066,1
14311,0
5244,0
1001,1
4198,1
2418,1
12683,0
3575,1
6726,0
3847,1
961,1
9772,0
10418,0
14074,0
16077,0
757,1
5313,0
2284,1
15307,0
10163,0
4827,1
14383,0
807,1
3907,1
7023,0
1956,1
9343,0
11112,0
13235,0
2402,1
11679,0
1073,1
6524,0
13814,0
16192,0
8095,0
12453,0
12103,0
13617,0
12143,0
12961,0
1003,1
7658,0
14781,0
7566,0
9677,0
14994,0
5368,0
13107,0
9603,0
6289,0
10790,0
14310,0
15960,0
985,1
11668,0
6169,0
12433,0
7384,0
11297,0
14834,0
13085,0
15206,0
9460,0
2462,1
11560,0
268,1
7962,0
3580,1
71,1
14212,0
13188,0
12508,0
2821,1
14575,0
589,1
11337,0
11519,0
11979,0
14869,0
11731,0
3758,1
6845,0
2028,1
8869,0
11149,0
13279,0
5454,0
12751,0
12644,0
12793,0
10868,0
2432,1
14334,0
4647,1
8469,0
10466,0
896,1
9803,0
13363,0
1587,1
6686,0
1719,1
6100,0
3806,1
8806,0
12466,0
3961,1
10835,0
7036,0
13742,0
890,1
14636,0
4006,1
4939,1
12855,0
15434,0
5898,0
12222,0
12957,0
12255,0
584,1
3932,1
1260,1
11325,0
310,1
1716,1
6009,0
2052,1
11274,0
4668,1
4298,1
6646,0
3783,1
1008,1
7347,0
14025,0
15210,0
12308,0
8383,0
9878,0
10949,0
4059,1
8721,0
90,1
1987,1
11743,0
13237,0
12690,0
7279,0
13034,0
11764,0
14101,0
15399,0
9517,0
14099,0
13977,0
2925,1
10802,0
8185,0
5884,0
2341,1
12305,0
13325,0
627,1
10894,0
7545,0
10545,0
4765,1
13223,0
15577,0
13707,0
128,1
12963,0
11275,0
14089,0
4182,1
7299,0
6995,0
2398,1
14548,0
1186,1
11387,0
15753,0
13734,0
5314,0
9220,0
4247,1
15495,0
9107,0
9497,0
1096,1
6653,0
1273,1
5698,0
10385,0
8728,0
6797,0
9590,0
6615,0
3358,1
7755,0
183,1
12832,0
12267,0
6513,0
4567,1
6603,0
15825,0
1961,1
4992,1
4891,1
8039,0
5869,0
9570,0
15386,0
6226,0
13661,0
11499,0
1251,1
3176,1
3359,1
11162,0
10421,0
12569,0
14611,0
7411,0
7538,0
14664,0
1051,1
9221,0
8464,0
10234,0
4763,1
16014,0
1874,1
9278,0
11189,0
7282,0
9008,0
12369,0
4322,1
15032,0
9448,0
5831,0
13169,0
10930,0
14792,0
14242,0
12632,0
4485,1
12093,0
8615,0
3924,1
9940,0
15378,0
15142,0
11991,0
7850,0
13114,0
3113,1
3303,1
9536,0
1690,1
12609,0
5048,1
14136,0
3308,1
1504,1
1806,1
3871,1
14907,0
3791,1
15449,0
12561,0
11299,0
1717,1
2696,1
1848,1
4512,1
13558,0
6622,0
3435,1
10989,0
142,1
15800,0
6992,0
10944,0
11546,0
1117,1
1756,1
497,1
6751,0
870,1
3357,1
9104,0
7678,0
721,1
886,1
15573,0
12959,0
16115,0
8347,0
9712,0
8102,0
14128,0
11077,0
314,1
13565,0
14530,0
16167,0
4204,1
5850,0
6129,0
5447,0
3129,1
1996,1
12047,0
3968,1
12827,0
10165,0
336,1
12828,0
13597,0
11247,0
2985,1
4620,1
6531,0
10671,0
3558,1
14805,0
3416,1
307,1
16085,0
15439,0
348,1
5918,0
14279,0
7243,0
15421,0
4482,1
14789,0
9421,0
10245,0
8263,0
14687,0
6855,0
15671,0
11623,0
13229,0
12892,0
1666,1
7579,0
5570,0
15535,0
52,1
12451,0
6263,0
1445,1
10657,0
11025,0
1695,1
1574,1
12034,0
4405,1
1630,1
13652,0
1881,1
5074,1
5509,0
14343,0
14500,0
9040,0
15458,0
14746,0
186,1
10022,0
5558,0
7185,0
15017,0
12476,0
6587,0
1234,1
12037,0
3915,1
446,1
844,1
5201,0
14291,0
12522,0
2440,1
3103,1
7692,0
4774,1
9718,0
6974,0
6094,0
9486,0
2153,1
5518,0
13007,0
5067,1
13854,0
12514,0
16190,0
776,1
8417,0
15091,0
6324,0
10345,0
4920,1
14138,0
9182,0
15408,0
15641,0
3136,1
13672,0
5462,0
3183,1
13484,0
7522,0
12101,0
12889,0
3199,1
12294,0
1289,1
15440,0
10335,0
15485,0
12084,0
7542,0
1879,1
13793,0
11410,0
5457,0
2148,1
4131,1
1036,1
8828,0
15460,0
4134,1
649,1
9275,0
6711,0
861,1
9095,0
191,1
8301,0
6026,0
1942,1
10295,0
4331,1
15081,0
8775,0
13669,0
7972,0
12563,0
15140,0
12044,0
2775,1
4145,1
10515,0
13979,0
2617,1
2411,1
1094,1
6065,0
1546,1
4589,1
6034,0
14154,0
6953,0
3135,1
3856,1
14974,0
6419,0
3805,1
14163,0
10735,0
7431,0
6774,0
14275,0
464,1
1257,1
10020,0
2259,1
5630,0
15965,0
6231,0
7382,0
10394,0
12071,0
13402,0
1262,1
16051,0
7212,0
975,1
15726,0
5866,0
9133,0
6582,0
2387,1
15770,0
5021,1
7129,0
13570,0
3882,1
6055,0
14760,0
11945,0
14576,0
3875,1
2789,1
9136,0
14438,0
1857,1
14088,0
4108,1
5213,0
8281,0
3255,1
7323,0
2690,1
7389,0
4627,1
12104,0
1319,1
14180,0
16011,0
5162,0
16022,0
11220,0
1135,1
4529,1
3505,1
4749,1
7086,0
9941,0
10766,0
15991,0
6336,0
14321,0
6982,0
10066,0
13827,0
2505,1
2904,1
570,1
1448,1
3414,1
13084,0
11683,0
12127,0
9290,0
12906,0
6837,0
3226,1
15794,0
4383,1
9229,0
7845,0
3539,1
14457,0
14562,0
2827,1
5780,0
4996,1
1338,1
3262,1
7876,0
11719,0
6838,0
5741,0
650,1
6039,0
2258,1
5395,0
14193,0
7082,0
12615,0
3521,1
12207,0
4478,1
5660,0
14140,0
67,1
15217,0
12862,0
7609,0
1258,1
12958,0
13837,0
991,1
3504,1
8305,0
919,1
165,1
10691,0
13880,0
9141,0
4594,1
13160,0
2850,1
12378,0
16166,0
13183,0
4460,1
12113,0
6623,0
9306,0
13618,0
8490,0
9867,0
2735,1
5669,0
4988,1
14620,0
2378,1
11266,0
4172,1
8092,0
12981,0
2103,1
3759,1
12655,0
1837,1
13313,0
14621,0
13247,0
5710,0
8799,0
4500,1
1093,1
10842,0
6718,0
15907,0
8960,0
160,1
203,1
6483,0
3940,1
15971,0
4933,1
12555,0
7647,0
16135,0
1230,1
9166,0
3046,1
7957,0
2915,1
14751,0
4251,1
6111,0
6204,0
2725,1
4290,1
4334,1
11319,0
383,1
7485,0
4886,1
857,1
370,1
6539,0
2561,1
3801,1
5455,0
15456,0
10539,0
13343,0
6859,0
11058,0
10625,0
14102,0
15575,0
5944,0
615,1
2575,1
53,1
14580,0
3340,1
15868,0
9897,0
14720,0
10931,0
10881,0
14949,0
5876,0
11039,0
8995,0
1812,1
990,1
11744,0
15977,0
13842,0
8411,0
2942,1
9480,0
3163,1
4678,1
2618,1
3612,1
8235,0
7871,0
14859,0
3792,1
9695,0
10967,0
10045,0
3439,1
1892,1
15638,0
15145,0
5255,0
14714,0
5167,0
6460,0
1505,1
11215,0
670,1
9471,0
12320,0
897,1
3306,1
8026,0
6239,0
2890,1
6003,0
7739,0
12995,0
14799,0
11763,0
8397,0
2,1
10562,0
9961,0
13810,0
6079,0
531,1
14007,0
8181,0
14059,0
6476,0
14493,0
13764,0
8923,0
3406,1
10531,0
5991,0
6328,0
11236,0
2565,1
2581,1
13256,0
8385,0
2607,1
11355,0
15109,0
15375,0
9447,0
2104,1
15100,0
15198,0
14865,0
4994,1
13548,0
5057,1
658,1
4434,1
15409,0
3816,1
6773,0
13728,0
13525,0
10664,0
9813,0
15475,0
7260,0
3904,1
11594,0
14465,0
9288,0
6811,0
12992,0
9359,0
10655,0
3700,1
12395,0
1788,1
13794,0
6314,0
3645,1
1776,1
192,1
9012,0
11114,0
13974,0
15519,0
5388,0
11165,0
4951,1
2687,1
4390,1
4927,1
5552,0
10799,0
16050,0
238,1
15054,0
11110,0
6901,0
14014,0
16056,0
9137,0
11741,0
8640,0
5097,0
12769,0
14366,0
11193,0
3552,1
16150,0
3360,1
8328,0
5628,0
10602,0
7751,0
5783,0
4507,1
13727,0
146,1
11967,0
2294,1
13891,0
7178,0
9928,0
15471,0
11670,0
15382,0
13480,0
8690,0
7081,0
4733,1
8912,0
4384,1
14682,0
14897,0
12541,0
4545,1
596,1
14770,0
11419,0
5164,0
14855,0
1647,1
6815,0
2700,1
1700,1
10696,0
2773,1
6968,0
8143,0
6219,0
12172,0
86,1
10500,0
10869,0
13306,0
13274,0
14225,0
2594,1
13069,0
1029,1
136,1
6972,0
12137,0
7024,0
2854,1
1200,1
6121,0
9763,0
8758,0
12505,0
6296,0
3927,1
10105,0
14352,0
8468,0
3606,1
14487,0
10551,0
2330,1
2187,1
195,1
5059,1
802,1
2668,1
241,1
2068,1
12097,0
14221,0
644,1
9116,0
5103,0
1637,1
7552,0
8312,0
3074,1
9014,0
7296,0
3278,1
8003,0
10327,0
4970,1
11549,0
8326,0
6915,0
15463,0
10751,0
7829,0
62,1
12839,0
12896,0
15102,0
13152,0
13115,0
10659,0
679,1
2041,1
8933,0
5307,0
12054,0
3641,1
13404,0
13220,0
3258,1
1873,1
4744,1
10788,0
9909,0
2912,1
4027,1
5488,0
14032,0
8024,0
7786,0
13228,0
15028,0
6864,0
489,1
8685,0
690,1
602,1
10103,0
1014,1
869,1
1993,1
11313,0
10558,0
7610,0
5283,0
4370,1
12905,0
12283,0
1361,1
11361,0
1526,1
13540,0
1629,1
1551,1
11614,0
15873,0
1337,1
3901,1
5041,1
8252,0
10442,0
11857,0
5039,1
2346,1
15084,0
5485,0
14413,0
10976,0
5694,0
5119,0
5166,0
1134,1
8342,0
10996,0
11265,0
10278,0
10451,0
4017,1
10409,0
11423,0
2424,1
4138,1
859,1
2962,1
8089,0
13187,0
13177,0
13909,0
13781,0
1364,1
14364,0
1779,1
12478,0
2101,1
1818,1
369,1
4937,1
10896,0
5285,0
8367,0
13154,0
7071,0
2093,1
7817,0
1920,1
82,1
7331,0
7304,0
816,1
12579,0
4396,1
8475,0
6124,0
4120,1
12911,0
14415,0
11107,0
1813,1
1271,1
8751,0
2994,1
12366,0
6409,0
12580,0
2642,1
9280,0
11267,0
2305,1
14735,0
13604,0
4195,1
13563,0
3849,1
15958,0
13622,0
15528,0
10606,0
3554,1
2195,1
2600,1
6163,0
1518,1
12964,0
14849,0
6309,0
10825,0
5755,0
5633,0
8399,0
15114,0
10626,0
7162,0
12247,0
11934,0
1988,1
9533,0
7737,0
517,1
10561,0
6160,0
12165,0
14756,0
13093,0
11742,0
9607,0
4456,1
2761,1
6481,0
5911,0
14671,0
6547,0
4855,1
7644,0
14399,0
15705,0
6358,0
9741,0
2438,1
3765,1
6432,0
8643,0
7846,0
12404,0
9665,0
14583,0
6340,0
4821,1
18,1
3560,1
3951,1
49,1
16038,0
887,1
6261,0
7236,0
6989,0
6043,0
15391,0
8708,0
3168,1
2949,1
1424,1
139,1
10116,0
10570,0
3197,1
5131,0
112,1
8160,0
14100,0
4559,1
4595,1
4690,1
7951,0
12122,0
3277,1
10758,0
4068,1
4408,1
11507,0
14738,0
9729,0
10667,0
451,1
7262,0
3731,1
7256,0
14550,0
4986,1
3663,1
2763,1
8850,0
11943,0
1855,1
999,1
389,1
6426,0
1476,1
2240,1
15351,0
14850,0
8112,0
992,1
7032,0
4997,1
3922,1
2972,1
6871,0
12245,0
4769,1
1293,1
15205,0
11065,0
4173,1
2535,1
15236,0
1907,1
13459,0
15407,0
8560,0
6033,0
7619,0
1151,1
1567,1
3171,1
9689,0
7106,0
4160,1
4287,1
2230,1
13044,0
174,1
1903,1
9291,0
8752,0
11917,0
3408,1
1538,1
2292,1
9523,0
1363,1
4357,1
5260,0
12121,0
12321,0
680,1
14876,0
3664,1
1661,1
508,1
166,1
13449,0
9198,0
14967,0
7365,0
1914,1
7263,0
15631,0
15804,0
7361,0
10728,0
1104,1
12714,0
9944,0
5310,0
12252,0
11108,0
11156,0
5754,0
152,1
13888,0
5679,0
14843,0
10744,0
16028,0
3551,1
3722,1
11959,0
13885,0
4538,1
12810,0
10014,0
8463,0
1991,1
14316,0
8501,0
5141,0
10743,0
3811,1
14148,0
3450,1
4591,1
7352,0
205,1
9327,0
6680,0
2749,1
8497,0
1849,1
14733,0
10180,0
3240,1
10990,0
12871,0
3109,1
10179,0
5934,0
13285,0
5810,0
8575,0
5634,0
4307,1
3156,1
6534,0
10919,0
14854,0
14120,0
15165,0
8891,0
3832,1
14157,0
4776,1
7997,0
4276,1
15802,0
11525,0
15568,0
12526,0
278,1
6771,0
7415,0
3252,1
11600,0
10672,0
15263,0
289,1
3075,1
15153,0
11734,0
9582,0
11482,0
270,1
4570,1
13747,0
14267,0
9583,0
6696,0
4316,1
3180,1
12574,0
1422,1
8275,0
9065,0
11030,0
12806,0
4557,1
7812,0
6297,0
14838,0
11887,0
15716,0
1132,1
10642,0
10521,0
10827,0
6242,0
14348,0
15212,0
7423,0
11816,0
10152,0
11691,0
13277,0
5520,0
9408,0
14142,0
12166,0
9256,0
3786,1
12073,0
8345,0
2161,1
3008,1
1105,1
11972,0
692,1
16052,0
4956,1
8307,0
4369,1
2765,1
3929,1
12386,0
15921,0
7778,0
11728,0
628,1
2451,1
11592,0
3824,1
14590,0
10844,0
16134,0
3743,1
2176,1
6689,0
8858,0
3318,1
12601,0
9653,0
7432,0
2787,1
1196,1
1676,1
3947,1
7618,0
4444,1
13846,0
14941,0
15695,0
5722,0
12646,0
10695,0
13767,0
2369,1
4967,1
2217,1
8148,0
10410,0
3326,1
14287,0
3583,1
15849,0
15922,0
3619,1
6217,0
2468,1
14333,0
8277,0
13743,0
5973,0
10993,0
3667,1
5158,0
7594,0
6976,0
10211,0
3423,1
10717,0
8199,0
2409,1
3212,1
13907,0
5366,0
13273,0
6593,0
2895,1
14218,0
14968,0
3642,1
12031,0
11955,0
13620,0
9475,0
10193,0
15785,0
9061,0
15709,0
14570,0
8548,0
16057,0
5451,0
7160,0
10685,0
7866,0
2743,1
16087,0
10082,0
9797,0
4958,1
13344,0
10572,0
6474,0
7888,0
15194,0
8811,0
11498,0
492,1
12967,0
1116,1
5637,0
14274,0
15996,0
15383,0
13605,0
14699,0
15281,0
6589,0
14741,0
7557,0
10692,0
12985,0
5241,0
15016,0
2783,1
11940,0
10661,0
12954,0
1696,1
5685,0
2295,1
5939,0
7763,0
10244,0
9968,0
11033,0
3313,1
4781,1
8350,0
12090,0
9784,0
9915,0
7605,0
215,1
11365,0
6707,0
13374,0
8682,0
14841,0
3483,1
7006,0
5102,0
6599,0
3764,1
12869,0
6410,0
12296,0
25,1
10601,0
11462,0
7659,0
14167,0
9744,0
14955,0
14003,0
6683,0
9171,0
10847,0
10039,0
13352,0
8584,0
15680,0
13960,0
12456,0
15653,0
13444,0
1102,1
3276,1
5345,0
12603,0
14749,0
14302,0
8386,0
8835,0
11477,0
11308,0
11222,0
11785,0
16189,0
2207,1
4552,1
4402,1
7395,0
3718,1
972,1
4579,1
6516,0
719,1
6155,0
15319,0
2803,1
2566,1
4025,1
6198,0
8224,0
14358,0
4063,1
9889,0
2792,1
2222,1
5818,0
3866,1
11746,0
14077,0
14769,0
12343,0
13232,0
3227,1
4214,1
3923,1
10469,0
12117,0
1401,1
8931,0
7703,0
4979,1
3253,1
14024,0
2661,1
2158,1
8578,0
8088,0
674,1
15051,0
7011,0
11920,0
10197,0
3841,1
1815,1
13516,0
15945,0
2100,1
14324,0
6708,0
1673,1
10293,0
4213,1
12243,0
11807,0
1548,1
11736,0
11515,0
8547,0
5184,0
1461,1
15243,0
3220,1
13692,0
14882,0
7170,0
7430,0
15477,0
1751,1
3976,1
8353,0
1772,1
9388,0
10070,0
10860,0
16185,0
2016,1
2005,1
3893,1
3237,1
4424,1
10270,0
8588,0
10980,0
2257,1
4072,1
5574,0
9083,0
15431,0
5355,0
8418,0
6093,0
7935,0
13372,0
1519,1
13269,0
1378,1
5672,0
9215,0
2587,1
15830,0
5621,0
14107,0
11049,0
13371,0
5842,0
7122,0
5832,0
9821,0
4888,1
11715,0
5904,0
522,1
8043,0
3607,1
9120,0
234,1
3796,1
6318,0
7094,0
10202,0
1948,1
6361,0
15264,0
12738,0
11684,0
6091,0
10863,0
14765,0
2224,1
9298,0
14695,0
9010,0
5571,0
4523,1
5793,0
14283,0
5738,0
2624,1
4728,1
7818,0
8859,0
16069,0
14815,0
9080,0
16067,0
2437,1
6056,0
9009,0
11606,0
6352,0
10533,0
3167,1
1809,1
15197,0
7161,0
9456,0
5086,1
13077,0
7016,0
12650,0
4945,1
6046,0
13599,0
15045,0
6919,0
5590,0
7226,0
1228,1
12511,0
6846,0
8244,0
12558,0
6555,0
159,1
8851,0
9779,0
1589,1
15949,0
15395,0
15371,0
15156,0
6687,0
15171,0
12220,0
10576,0
12854,0
7480,0
15048,0
1556,1
2828,1
436,1
5789,0
13243,0
1588,1
7398,0
2780,1
14596,0
9242,0
5686,0
3965,1
4727,1
9165,0
1238,1
2951,1
10534,0
12635,0
12545,0
14952,0
1497,1
6465,0
7355,0
7823,0
7547,0
7913,0
10614,0
13910,0
5185,0
5647,0
15256,0
5242,0
2130,1
11836,0
2092,1
5409,0
10207,0
187,1
12160,0
7938,0
3655,1
3426,1
14131,0
1381,1
12669,0
8605,0
7427,0
5037,1
4897,1
11528,0
11798,0
3175,1
13825,0
12939,0
8448,0
11390,0
16042,0
12853,0
2235,1
8068,0
9959,0
4236,1
12041,0
14840,0
12421,0
9764,0
24,1
3363,1
1088,1
10886,0
8733,0
11590,0
11751,0
14875,0
2841,1
10503,0
7537,0
15788,0
7470,0
15133,0
4152,1
9501,0
695,1
14915,0
6337,0
1227,1
1999,1
276,1
12340,0
5929,0
2953,1
3637,1
3906,1
4778,1
5845,0
15722,0
4117,1
14709,0
1137,1
2767,1
8182,0
13270,0
12865,0
7661,0
9134,0
12066,0
2490,1
15699,0
7742,0
3935,1
2384,1
8016,0
7084,0
115,1
1863,1
10750,0
3119,1
4258,1
14996,0
13739,0
2819,1
12376,0
12187,0
14766,0
4699,1
3802,1
6068,0
3536,1
3825,1
6642,0
14048,0
1946,1
14729,0
12388,0
13536,0
11680,0
9802,0
7269,0
12662,0
7929,0
7166,0
6963,0
5867,0
10859,0
4761,1
10386,0
882,1
557,1
13165,0
1207,1
12301,0
7684,0
12544,0
9702,0
6538,0
11924,0
10485,0
3211,1
3630,1
1708,1
13396,0
8458,0
1140,1
3162,1
6207,0
13664,0
3730,1
10101,0
12542,0
2660,1
8848,0
1307,1
2567,1
9190,0
2834,1
15525,0
11927,0
9429,0
2151,1
12659,0
3835,1
15717,0
12442,0
15974,0
10378,0
9326,0
5004,1
6626,0
9495,0
1627,1
14485,0
9714,0
15897,0
358,1
138,1
8491,0
9748,0
382,1
11181,0
12235,0
4857,1
15097,0
14441,0
1439,1
9569,0
946,1
13457,0
5498,0
4916,1
8556,0
10913,0
1932,1
2352,1
3236,1
15402,0
9493,0
13431,0
3807,1
14954,0
1936,1
14472,0
4154,1
8988,0
2416,1
12424,0
6139,0
785,1
6789,0
11350,0
8036,0
8315,0
15361,0
5668,0
2172,1
2169,1
6628,0
4009,1
4340,1
910,1
6268,0
2309,1
10033,0
11826,0
9449,0
6591,0
4458,1
7597,0
9370,0
12479,0
15157,0
4652,1
6218,0
11842,0
442,1
3415,1
9591,0
14209,0
12441,0
9649,0
12715,0
5744,0
1054,1
11467,0
14176,0
3699,1
11951,0
929,1
6468,0
8767,0
1829,1
14895,0
15509,0
14775,0
12552,0
13209,0
2011,1
913,1
7611,0
14475,0
12506,0
15862,0
2606,1
11456,0
4928,1
9783,0
6564,0
13212,0
6,1
11172,0
7835,0
6583,0
3361,1
10135,0
12654,0
1635,1
1141,1
16029,0
359,1
2070,1
3134,1
5160,0
6990,0
3243,1
2242,1
1474,1
13950,0
10081,0
11627,0
3259,1
11897,0
10213,0
4020,1
14357,0
8566,0
3500,1
2658,1
14881,0
1130,1
14926,0
1819,1
7461,0
12726,0
12684,0
13251,0
7064,0
4318,1
9342,0
4669,1
9428,0
5476,0
15940,0
14260,0
1856,1
2282,1
14137,0
4008,1
6401,0
16084,0
14920,0
15065,0
386,1
1628,1
11777,0
10906,0
12425,0
13676,0
15141,0
7718,0
12754,0
11381,0
16149,0
9101,0
14071,0
10058,0
1842,1
2497,1
201,1
13033,0
3868,1
5054,1
5889,0
2702,1
7922,0
14675,0
331,1
3808,1
935,1
10651,0
1774,1
12773,0
8611,0
10878,0
14861,0
989,1
5443,0
13534,0
6993,0
14402,0
5806,0
14226,0
14147,0
6574,0
3052,1
14041,0
8365,0
4615,1
3321,1
13139,0
6246,0
11564,0
6048,0
3311,1
12626,0
12530,0
15178,0
15231,0
11196,0
11595,0
8210,0
11883,0
11431,0
3628,1
14403,0
10366,0
1356,1
5002,1
14219,0
5823,0
16058,0
5670,0
3112,1
182,1
14304,0
14396,0
10004,0
855,1
13684,0
4912,1
15913,0
1800,1
15037,0
10621,0
5482,0
13532,0
1968,1
13522,0
14479,0
4697,1
4987,1
4650,1
1159,1
9405,0
12566,0
1325,1
10288,0
12760,0
4796,1
6796,0
5808,0
15992,0
1455,1
5410,0
8333,0
2800,1
9836,0
10332,0
7616,0
14547,0
7815,0
4378,1
8921,0
12899,0
6716,0
10128,0
11985,0
3736,1
2261,1
7429,0
4005,1
9302,0
15829,0
11190,0
2394,1
1185,1
2007,1
193,1
14470,0
8770,0
5525,0
771,1
10587,0
1478,1
1846,1
3740,1
12965,0
7986,0
405,1
15476,0
10265,0
10088,0
13893,0
6317,0
11851,0
6581,0
10571,0
1447,1
342,1
7468,0
15203,0
10719,0
727,1
4577,1
9168,0
9250,0
3516,1
14449,0
13091,0
7156,0
7851,0
10178,0
12132,0
9491,0
1348,1
660,1
1492,1
13292,0
13853,0
5154,0
10507,0
9885,0
15541,0
9277,0
2524,1
12502,0
13759,0
5374,0
3198,1
13328,0
5717,0
14900,0
15214,0
13347,0
8259,0
13047,0
40,1
10461,0
13615,0
12571,0
14367,0
11639,0
6816,0
10559,0
12474,0
13242,0
10704,0
2723,1
14928,0
13927,0
9335,0
15780,0
7155,0
15719,0
14984,0
12744,0
7230,0
11981,0
10412,0
5075,1
10523,0
7880,0
5394,0
9641,0
14166,0
7789,0
15166,0
4088,1
1967,1
14607,0
14314,0
15562,0
6999,0
423,1
15059,0
10096,0
15426,0
15973,0
12109,0
6142,0
5661,0
11810,0
9031,0
4596,1
2659,1
141,1
2597,1
6701,0
1377,1
3674,1
9658,0
16035,0
6362,0
15209,0
4741,1
12000,0
1138,1
10449,0
7374,0
1787,1
12130,0
13030,0
4646,1
7568,0
459,1
6115,0
8179,0
11565,0
948,1
11892,0
9528,0
6370,0
4628,1
7358,0
5925,0
6040,0
441,1
6659,0
9794,0
10430,0
8831,0
9046,0
3830,1
15257,0
6144,0
13099,0
14710,0
6344,0
13470,0
1958,1
9262,0
155,1
10487,0
12924,0
4578,1
1089,1
6049,0
11132,0
14878,0
9122,0
7950,0
11101,0
1674,1
6763,0
13603,0
6416,0
15511,0
11439,0
2326,1
7096,0
13952,0
15001,0
6450,0
15240,0
15083,0
1715,1
9890,0
9172,0
8381,0
9433,0
3831,1
6299,0
3348,1
15447,0
9177,0
10013,0
587,1
9346,0
10964,0
15452,0
10091,0
2990,1
15080,0
12817,0
14418,0
11749,0
9587,0
264,1
11739,0
12800,0
6788,0
15473,0
13828,0
10131,0
3864,1
10435,0
10592,0
6274,0
14104,0
15888,0
3711,1
8438,0
9786,0
1529,1
15251,0
923,1
12736,0
7329,0
4364,1
669,1
3604,1
5108,0
10102,0
14639,0
5248,0
7183,0
12150,0
10888,0
2591,1
5906,0
9973,0
6509,0
11205,0
7133,0
2307,1
8804,0
3690,1
687,1
612,1
7167,0
12812,0
3200,1
10459,0
11168,0
6629,0
4135,1
1898,1
282,1
258,1
11116,0
15309,0
4943,1
2822,1
11531,0
3525,1
16180,0
5223,0
2285,1
6063,0
8078,0
4654,1
5000,1
6710,0
15148,0
8676,0
10403,0
5416,0
475,1
2555,1
8087,0
7,1
11849,0
6411,0
14893,0
14490,0
5546,0
2426,1
6744,0
10006,0
15618,0
2274,1
9203,0
1577,1
7264,0
9259,0
10183,0
3970,1
5879,0
13667,0
15154,0
7193,0
3867,1
15295,0
6823,0
11240,0
7548,0
781,1
15955,0
1749,1
10983,0
6519,0
5774,0
9283,0
9369,0
2324,1
10271,0
5055,1
10800,0
14655,0
10482,0
1727,1
610,1
4666,1
5413,0
8103,0
8174,0
8535,0
11349,0
3750,1
11407,0
97,1
6985,0
3137,1
1537,1
11780,0
3648,1
14440,0
12737,0
1517,1
15187,0
4624,1
12464,0
11861,0
6566,0
2090,1
7097,0
6171,0
7521,0
572,1
15442,0
14744,0
3062,1
597,1
6633,0
15313,0
7875,0
7345,0
6304,0
13029,0
15333,0
13257,0
5976,0
8562,0
1938,1
13628,0
8100,0
1753,1
3670,1
11844,0
13036,0
2361,1
4260,1
5432,0
6285,0
13203,0
15369,0
11929,0
12711,0
13903,0
13458,0
14305,0
5591,0
1171,1
7927,0
13062,0
9614,0
11333,0
15188,0
13126,0
14890,0
874,1
2297,1
15113,0
2643,1
15060,0
5347,0
9032,0
16098,0
581,1
204,1
7896,0
9833,0
2014,1
11445,0
11663,0
905,1
631,1
8461,0
13535,0
1974,1
162,1
4998,1
13386,0
9557,0
14234,0
4713,1
9067,0
1431,1
6868,0
14848,0
7710,0
7736,0
4283,1
7531,0
12908,0
11048,0
10053,0
10851,0
3384,1
15516,0
13181,0
13533,0
7462,0
3331,1
15474,0
10595,0
6404,0
8895,0
2096,1
10195,0
13632,0
7999,0
5017,1
8738,0
1449,1
13491,0
6900,0
2610,1
1900,1
8186,0
3920,1
2757,1
6397,0
10077,0
11888,0
14085,0
2097,1
8329,0
15345,0
5624,0
9028,0
3471,1
8266,0
2171,1
14998,0
14925,0
8590,0
2010,1
15871,0
1283,1
12485,0
13848,0
12448,0
10028,0
15579,0
1019,1
9518,0
11002,0
8667,0
2810,1
14026,0
1651,1
15600,0
1169,1
10720,0
9398,0
6256,0
15118,0
5469,0
14192,0
10258,0
867,1
11166,0
5093,0
5433,0
541,1
9324,0
15941,0
14374,0
6354,0
15162,0
3390,1
14241,0
11154,0
12347,0
11451,0
13043,0
16097,0
10775,0
11005,0
3959,1
15061,0
6643,0
6841,0
13447,0
3586,1
14731,0
2563,1
10822,0
14483,0
12925,0
5036,1
1080,1
12475,0
5891,0
10277,0
10644,0
4966,1
2023,1
14604,0
7909,0
14182,0
7321,0
226,1
1013,1
1929,1
13770,0
5251,0
9596,0
2179,1
697,1
1124,1
7378,0
12087,0
13307,0
5110,0
7902,0
1778,1
12930,0
2634,1
7544,0
7604,0
3489,1
1037,1
10448,0
13259,0
16106,0
8505,0
2649,1
10473,0
2979,1
2547,1
5132,0
2159,1
11329,0
9114,0
6445,0
3967,1
1428,1
13655,0
2520,1
12973,0
8033,0
15418,0
14030,0
15997,0
448,1
13782,0
9476,0
5995,0
13028,0
3727,1
7353,0
8553,0
6279,0
15450,0
7295,0
9496,0
6251,0
5926,0
2460,1
22,1
2066,1
1653,1
8894,0
8706,0
10935,0
1376,1
1724,1
10660,0
3754,1
10517,0
8652,0
4183,1
4082,1
9678,0
11870,0
8474,0
6579,0
4558,1
12500,0
3537,1
13588,0
7003,0
10773,0
9560,0
15377,0
13351,0
8789,0
12543,0
9951,0
646,1
6381,0
7527,0
15720,0
13437,0
7165,0
11660,0
12940,0
7697,0
11182,0
15275,0
4875,1
10736,0
13957,0
5341,0
13861,0
12258,0
12180,0
7031,0
2160,1
685,1
12928,0
11435,0
2461,1
12275,0
11029,0
11889,0
7128,0
6267,0
4941,1
5946,0
4583,1
5784,0
12232,0
10422,0
7569,0
13838,0
10512,0
521,1
8714,0
14298,0
14517,0
3983,1
15510,0
14058,0
780,1
10613,0
13335,0
5607,0
5978,0
8843,0
3747,1
2196,1
8561,0
16016,0
4285,1
12406,0
8569,0
13590,0
10408,0
9832,0
9805,0
6979,0
1827,1
11824,0
9154,0
15359,0
15690,0
2376,1
8551,0
3839,1
15350,0
1246,1
7504,0
11483,0
6511,0
11886,0
14868,0
5439,0
10759,0
11615,0
10229,0
15020,0
8964,0
10681,0
11754,0
15756,0
15483,0
5510,0
5330,0
13186,0
4531,1
9866,0
365,1
13673,0
12089,0
12519,0
16171,0
147,1
1668,1
11280,0
14376,0
7650,0
8599,0
11698,0
7788,0
3456,1
12374,0
11768,0
3271,1
4940,1
9223,0
13106,0
6230,0
14474,0
13936,0
9047,0
3926,1
13882,0
8080,0
78,1
7088,0
2247,1
13387,0
13935,0
16118,0
15582,0
13441,0
7451,0
8980,0
2279,1
8123,0
12287,0
3897,1
13066,0
7177,0
9312,0
15354,0
3631,1
14008,0
6272,0
8616,0
392,1
3191,1
16,1
4200,1
2672,1
15488,0
6164,0
13318,0
3493,1
9651,0
13762,0
7394,0
4839,1
593,1
12027,0
15129,0
8737,0
5827,0
10749,0
7961,0
12916,0
12470,0
5887,0
2355,1
6036,0
4798,1
10634,0
14052,0
4592,1
11234,0
8656,0
163,1
15053,0
15323,0
15853,0
7380,0
16131,0
10201,0
6356,0
11276,0
9092,0
5542,0
6007,0
7993,0
7638,0
6793,0
10900,0
7758,0
4837,1
2293,1
6548,0
7898,0
4481,1
12797,0
3716,1
10837,0
6140,0
9956,0
1549,1
11221,0
10331,0
2044,1
767,1
5693,0
7870,0
9700,0
7857,0
3302,1
4517,1
12411,0
14750,0
16092,0
3292,1
9011,0
1403,1
1382,1
10340,0
6928,0
5671,0
1638,1
15879,0
6907,0
8591,0
6406,0
9074,0
11757,0
15306,0
1179,1
5448,0
12436,0
13385,0
10322,0
5078,1
8648,0
5175,0
10142,0
689,1
14389,0
6525,0
15915,0
6488,0
10145,0
7154,0
13657,0
6610,0
10902,0
14094,0
15906,0
4349,1
15076,0
1884,1
14044,0
15221,0
2494,1
5947,0
3036,1
5777,0
11795,0
845,1
8734,0
11916,0
12379,0
11871,0
12415,0
7967,0
13775,0
7340,0
14637,0
13432,0
7137,0
2964,1
2529,1
5772,0
1048,1
7045,0
1960,1
2530,1
11138,0
8429,0
4917,1
9325,0
5901,0
8286,0
4259,1
13921,0
14031,0
5656,0
12553,0
6097,0
5907,0
7373,0
2978,1
14401,0
15110,0
6721,0
7842,0
12686,0
8264,0
14265,0
12111,0
3138,1
8325,0
16089,0
12265,0
14997,0
11421,0
1826,1
5548,0
8785,0
10917,0
12329,0
560,1
14323,0
12777,0
8435,0
5435,0
4437,1
10382,0
8597,0
1442,1
8453,0
4406,1
15468,0
1689,1
15994,0
9917,0
14616,0
13122,0
5962,0
2496,1
14011,0
340,1
2408,1
9793,0
13553,0
5782,0
4576,1
3725,1
16119,0
2785,1
9715,0
13975,0
15258,0
1012,1
5280,0
4895,1
9958,0
16090,0
7121,0
6549,0
4037,1
148,1
285,1
15661,0
8555,0
12135,0
13636,0
9732,0
12917,0
6770,0
4443,1
7446,0
236,1
15561,0
10754,0
7123,0
15200,0
15506,0
12944,0
3083,1
15544,0
10294,0
632,1
6813,0
2493,1
2665,1
13789,0
12598,0
13883,0
13658,0
10526,0
10060,0
11811,0
12075,0
13752,0
4211,1
9686,0
10593,0
3874,1
9424,0
10853,0
2817,1
13394,0
15480,0
15905,0
14595,0
7426,0
12345,0
13976,0
13756,0
11253,0
14956,0
9777,0
1735,1
7397,0
11015,0
4255,1
13427,0
2475,1
10756,0
16172,0
3713,1
14591,0
1804,1
707,1
11238,0
14942,0
5189,0
14808,0
5472,0
72,1
7843,0
12640,0
13031,0
15664,0
5101,0
6764,0
9382,0
10793,0
1125,1
1241,1
13370,0
15326,0
2349,1
14021,0
11543,0
13286,0
6602,0
12200,0
6780,0
9769,0
12098,0
11921,0
4358,1
1343,1
16179,0
14111,0
15536,0
8632,0
6652,0
1100,1
10829,0
9160,0
8841,0
9738,0
7327,0
7622,0
987,1
10658,0
2852,1
11695,0
8853,0
630,1
12960,0
1249,1
3179,1
482,1
9776,0
12868,0
9654,0
3040,1
5010,1
14195,0
7000,0
3273,1
7227,0
3683,1
6674,0
6807,0
12337,0
15782,0
1316,1
13146,0
3225,1
1072,1
4815,1
13724,0
10823,0
9852,0
5752,0
10617,0
13271,0
14857,0
4616,1
3097,1
12168,0
15320,0
6869,0
1300,1
7285,0
6284,0
14592,0
14410,0
5495,0
5291,0
9600,0
10037,0
1798,1
12149,0
9667,0
5203,0
8227,0
5047,1
6441,0
8636,0
8105,0
2359,1
15235,0
3654,1
7052,0
14347,0
11371,0
1286,1
14825,0
4445,1
11608,0
2137,1
6787,0
10828,0
12208,0
15916,0
9873,0
15806,0
13818,0
14572,0
6894,0
9884,0
13915,0
10733,0
11827,0
8564,0
7151,0
963,1
6012,0
4882,1
15764,0
140,1
13076,0
12611,0
12046,0
14672,0
8906,0
6936,0
6542,0
5243,0
11380,0
10030,0
4431,1
13566,0
406,1
8212,0
9196,0
13583,0
13178,0
10603,0
10737,0
14017,0
10582,0
9135,0
8234,0
11022,0
11563,0
11214,0
11556,0
4399,1
5252,0
11,1
4760,1
1177,1
10139,0
10693,0
2863,1
6471,0
12057,0
6228,0
9218,0
12040,0
2989,1
9153,0
11081,0
7117,0
11207,0
7010,0
11530,0
13900,0
11760,0
8927,0
12592,0
1440,1
15798,0
2875,1
12178,0
9108,0
15416,0
14534,0
12281,0
11339,0
7232,0
3726,1
2772,1
9816,0
454,1
9013,0
8189,0
1367,1
3712,1
15969,0
1388,1
9042,0
1000,1
7761,0
3553,1
4114,1
9829,0
1667,1
12781,0
3173,1
14119,0
9539,0
15262,0
488,1
3230,1
3828,1
10824,0
15549,0
12975,0
5208,0
7848,0
11424,0
5704,0
15642,0
8133,0
703,1
5105,0
14453,0
3291,1
8125,0
11865,0
10600,0
13380,0
9519,0
15624,0
14656,0
4909,1
4440,1
14791,0
986,1
14425,0
15428,0
15006,0
14724,0
7705,0
12241,0
6257,0
11677,0
6089,0
10666,0
5238,0
12065,0
1198,1
12373,0
9710,0
14739,0
7519,0
6812,0
9991,0
9206,0
8320,0
9556,0
10225,0
7175,0
4470,1
891,1
10985,0
1969,1
12595,0
5757,0
6527,0
6294,0
15803,0
7595,0
9110,0
3249,1
6570,0
6638,0
7351,0
15637,0
9400,0
12060,0
7473,0
12504,0
12257,0
14964,0
14097,0
1239,1
2289,1
2740,1
8467,0
4585,1
9227,0
1229,1
9200,0
14612,0
6980,0
5178,0
12020,0
10724,0
4293,1
1058,1
6262,0
11036,0
281,1
9235,0
9508,0
968,1
10573,0
3953,1
1939,1
13733,0
1274,1
619,1
13809,0
1742,1
1390,1
2203,1
9771,0
9847,0
3568,1
10544,0
10404,0
6116,0
16151,0
6052,0
3178,1
3192,1
9499,0
6099,0
7029,0
575,1
10552,0
6656,0
7115,0
14318,0
6276,0
9472,0
15625,0
13149,0
11083,0
5897,0
5724,0
10185,0
10831,0
269,1
629,1
11970,0
3081,1
3466,1
6430,0
15127,0
7062,0
12588,0
12215,0
15767,0
5543,0
10238,0
4356,1
14810,0
2113,1
8219,0
10232,0
12120,0
15397,0
3216,1
15632,0
3814,1
8321,0
13947,0
2278,1
4599,1
13,1
14989,0
12668,0
1525,1
2365,1
4648,1
11244,0
12197,0
10532,0
374,1
13834,0
6477,0
525,1
9131,0
15842,0
12765,0
6895,0
10339,0
3591,1
14392,0
11106,0
7904,0
2958,1
11815,0
529,1
3714,1
13579,0
4732,1
9461,0
12473,0
1394,1
13042,0
12201,0
12582,0
9989,0
11171,0
9633,0
10574,0
15981,0
12003,0
5631,0
9465,0
6563,0
4703,1
1712,1
15814,0
955,1
6675,0
3453,1
9579,0
15242,0
12803,0
8595,0
2071,1
15786,0
10169,0
158,1
7005,0
12080,0
13643,0
9094,0
352,1
13518,0
6078,0
6236,0
12732,0
12322,0
8946,0
11163,0
16161,0
2920,1
8503,0
4644,1
661,1
7057,0
10181,0
3665,1
7979,0
306,1
10527,0
4790,1
2356,1
11894,0
11996,0
1927,1
15159,0
3427,1
8941,0
3638,1
13821,0
1266,1
13612,0
1560,1
15225,0
11787,0
10326,0
7179,0
13258,0
4109,1
13161,0
7867,0
4904,1
7294,0
514,1
894,1
8601,0
21,1
11577,0
16107,0
899,1
207,1
14600,0
458,1
10246,0
2430,1
8442,0
12398,0
13629,0
9299,0
3389,1
9905,0
3911,1
5383,0
8907,0
552,1
9631,0
10462,0
3144,1
6917,0
2056,1
1925,1
634,1
6082,0
8508,0
15067,0
15698,0
13616,0
8619,0
13955,0
105,1
3041,1
12430,0
10361,0
1709,1
89,1
7014,0
10433,0
3174,1
917,1
7833,0
6732,0
1949,1
12236,0
11040,0
6368,0
1,1
8032,0
12529,0
6047,0
9127,0
14971,0
2720,1
13397,0
13621,0
8783,0
15901,0
3117,1
11128,0
15373,0
10640,0
9768,0
13399,0
3762,1
213,1
778,1
14886,0
3496,1
14338,0
2043,1
8920,0
5420,0
6154,0
9759,0
8357,0
12894,0
11758,0
14161,0
12625,0
13631,0
10205,0
8465,0
12052,0
4167,1
10960,0
3788,1
13375,0
8586,0
583,1
16063,0
16174,0
116,1
6644,0
14673,0
16122,0
16157,0
14559,0
8712,0
1763,1
1875,1
13547,0
12157,0
11536,0
10445,0
3224,1
526,1
7725,0
2946,1
4473,1
12091,0
5655,0
8884,0
6059,0
959,1
12636,0
6342,0
3633,1
1050,1
8782,0
8711,0
3380,1
3676,1
5776,0
14691,0
6573,0
5179,0
1607,1
3610,1
15817,0
6635,0
16198,0
10001,0
791,1
8984,0
3056,1
10047,0
1980,1
11425,0
3598,1
933,1
12155,0
13966,0
7424,0
5626,0
13698,0
1682,1
4179,1
12218,0
13156,0
6446,0
4116,1
988,1
11703,0
11645,0
2896,1
3778,1
5658,0
11722,0
3093,1
3155,1
13261,0
11393,0
1823,1
15615,0
1098,1
10396,0
2844,1
9078,0
3342,1
38,1
6540,0
15185,0
8707,0
3356,1
13025,0
9645,0
11745,0
11801,0
12857,0
10698,0
11186,0
12191,0
7813,0
15769,0
9098,0
8220,0
14991,0
10699,0
2428,1
5043,1
5346,0
8954,0
11939,0
4811,1
8476,0
686,1
4799,1
7437,0
2353,1
6353,0
14516,0
4569,1
8213,0
2752,1
9077,0
8073,0
9109,0
1040,1
14417,0
7491,0
1265,1
12771,0
15057,0
7059,0
13507,0
277,1
5084,1
10276,0
9437,0
2382,1
571,1
1435,1
12094,0
13281,0
9439,0
5352,0
12873,0
11718,0
10706,0
5445,0
1007,1
12962,0
4543,1
12987,0
14337,0
15062,0
2064,1
13544,0
1136,1
9882,0
15034,0
13836,0
5343,0
10177,0
294,1
9739,0
10204,0
8780,0
11521,0
2403,1
10321,0
3998,1
15147,0
3741,1
11700,0
14986,0
2719,1
14957,0
12713,0
5150,0
2808,1
9017,0
556,1
14504,0
4795,1
2469,1
3738,1
4286,1
12643,0
13481,0
9908,0
2604,1
362,1
6924,0
1704,1
2139,1
3239,1
2383,1
7314,0
4311,1
9477,0
1312,1
14414,0
15308,0
3930,1
6183,0
14082,0
1591,1
13634,0
15245,0
2162,1
2396,1
317,1
9516,0
11303,0
5233,0
14467,0
5068,1
4036,1
8987,0
3020,1
9903,0
11579,0
8228,0
12741,0
9105,0
13913,0
5295,0
3972,1
5370,0
4133,1
974,1
7291,0
9175,0
954,1
9610,0
9752,0
12327,0
13774,0
14455,0
12457,0
9547,0
15117,0
5016,1
15772,0
9179,0
10874,0
7490,0
13239,0
1640,1
1290,1
11873,0
1380,1
1933,1
4675,1
14844,0
11352,0
10222,0
892,1
7287,0
4876,1
12261,0
7906,0
12447,0
8194,0
15234,0
10301,0
9041,0
10929,0
2466,1
7657,0
10106,0
9788,0
14064,0
1913,1
13331,0
11362,0
13832,0
2736,1
726,1
7214,0
8245,0
1796,1
3845,1
6402,0
10745,0
10992,0
936,1
2265,1
824,1
12513,0
7274,0
11593,0
1389,1
3564,1
9076,0
5429,0
7827,0
13895,0
5690,0
13059,0
7878,0
1868,1
13373,0
8202,0
11607,0
13613,0
7486,0
9655,0
806,1
4805,1
14351,0
12260,0
10300,0
14867,0
16130,0
10426,0
9155,0
7511,0
8056,0
4494,1
2632,1
14463,0
8896,0
8623,0
7832,0
4388,1
145,1
6467,0
2033,1
14826,0
1165,1
11692,0
2050,1
3760,1
10816,0
12676,0
4435,1
3430,1
8190,0
14246,0
7069,0
4361,1
10616,0
9454,0
1771,1
3511,1
271,1
12984,0
16165,0
8436,0
12605,0
12764,0
2032,1
15548,0
12316,0
9005,0
15678,0
14202,0
3810,1
15936,0
13585,0
14587,0
9996,0
14912,0
4346,1
10653,0
545,1
3241,1
8930,0
8502,0
11713,0
9323,0
13737,0
16071,0
12303,0
10961,0
7564,0
920,1
14814,0
11779,0
6640,0
12151,0
7694,0
8230,0
12651,0
7126,0
4278,1
2983,1
13482,0
130,1
13409,0
7980,0
2667,1
7138,0
3223,1
9374,0
7693,0
5392,0
614,1
16048,0
1466,1
4497,1
3042,1
9126,0
2419,1
5085,1
3294,1
6737,0
1500,1
13014,0
9018,0
1521,1
14813,0
11122,0
4232,1
7686,0
8820,0
4430,1
12045,0
390,1
12537,0
15983,0
7124,0
5913,0
12182,0
8592,0
4806,1
13327,0
14551,0
11551,0
8238,0
13849,0
8044,0
15858,0
3993,1
11834,0
11918,0
15496,0
13400,0
6609,0
5319,0
15950,0
7119,0
2421,1
5604,0
1750,1
15919,0
14649,0
12254,0
15754,0
338,1
8407,0
11855,0
1341,1
15487,0
7982,0
15930,0
12086,0
3640,1
329,1
14355,0
3004,1
6960,0
4090,1
11307,0
9828,0
2322,1
6667,0
7009,0
4197,1
3549,1
9650,0
8363,0
4203,1
15567,0
11761,0
12418,0
14520,0
13350,0
14618,0
6185,0
1639,1
9130,0
60,1
1240,1
5760,0
5136,0
2343,1
2120,1
1524,1
7617,0
153,1
481,1
6122,0
12652,0
7674,0
7101,0
12112,0
1762,1
8942,0
7715,0
9977,0
14755,0
7479,0
6212,0
12693,0
4853,1
2711,1
6766,0
4150,1
12385,0
1333,1
15280,0
11046,0
8378,0
9328,0
15248,0
15735,0
10250,0
14819,0
3850,1
8340,0
4124,1
13081,0
14567,0
11555,0
4788,1
2866,1
11968,0
1386,1
5941,0
3067,1
14718,0
13887,0
3629,1
15357,0
12989,0
14543,0
3028,1
2969,1
11664,0
9900,0
11145,0
8646,0
6136,0
14796,0
8801,0
4263,1
13018,0
645,1
15665,0
2074,1
12244,0
341,1
8041,0
1622,1
12875,0
13689,0
7141,0
5796,0
7184,0
15818,0
8232,0
5475,0
10281,0
12116,0
10367,0
15039,0
74,1
16032,0
16088,0
10849,0
11372,0
10268,0
8633,0
14995,0
2051,1
2541,1
1301,1
5877,0
7368,0
11622,0
1304,1
8428,0
14773,0
2599,1
12808,0
2573,1
11472,0
3186,1
12145,0
2768,1
4831,1
4223,1
15658,0
2106,1
2679,1
10953,0
12880,0
13591,0
1387,1
15692,0
15406,0
15199,0
15673,0
7083,0
13364,0
13192,0
14045,0
1279,1
13221,0
804,1
1555,1
15400,0
11382,0
4566,1
12994,0
15686,0
4841,1
3594,1
6035,0
6852,0
10112,0
8705,0
4177,1
1308,1
13859,0
9106,0
3452,1
3695,1
4242,1
11348,0
2198,1
8966,0
4425,1
6150,0
14289,0
943,1
822,1
5005,1
6612,0
12469,0
8356,0
5619,0
4547,1
12175,0
2538,1
15812,0
9503,0
5207,0
15443,0
15635,0
13575,0
3054,1
3675,1
7776,0
7218,0
6722,0
3300,1
3310,1
7221,0
8519,0
14078,0
10682,0
14294,0
14295,0
5954,0
10998,0
12600,0
832,1
11271,0
3462,1
13489,0
15152,0
7643,0
54,1
14422,0
12256,0
3451,1
6305,0
10093,0
1481,1
4873,1
13087,0
8038,0
12342,0
3335,1
6016,0
4926,1
9138,0
5797,0
11485,0
10353,0
15932,0
5083,1
6645,0
12481,0
11249,0
5490,0
768,1
2065,1
15420,0
11687,0
7311,0
8477,0
16102,0
4524,1
11568,0
10524,0
2717,1
2079,1
11581,0
8914,0
951,1
8058,0
2482,1
10454,0
9181,0
11404,0
1759,1
9984,0
4422,1
6704,0
13671,0
9916,0
5182,0
8533,0
3701,1
4243,1
688,1
3432,1
13395,0
4944,1
966,1
15736,0
15396,0
10395,0
2713,1
4757,1
13290,0
12350,0
15489,0
6320,0
13472,0
5975,0
3572,1
12997,0
5299,0
1990,1
12312,0
12951,0
1205,1
13490,0
13050,0
4971,1
15766,0
13226,0
6783,0
3600,1
6490,0
8609,0
16162,0
14692,0
8070,0
8577,0
7973,0
15121,0
1625,1
536,1
14579,0
8766,0
7970,0
13224,0
4212,1
6456,0
3507,1
8393,0
9524,0
7112,0
11694,0
2708,1
14222,0
5031,1
6514,0
4662,1
4021,1
1854,1
15310,0
2872,1
3030,1
9397,0
1645,1
3417,1
3476,1
15497,0
11053,0
1792,1
13718,0
3797,1
3368,1
11559,0
11725,0
7196,0
15645,0
5109,0
6024,0
11641,0
8795,0
11248,0
15098,0
126,1
5959,0
3876,1
11127,0
13635,0
4451,1
7147,0
3531,1
10922,0
827,1
9831,0
7790,0
984,1
11473,0
11197,0
7783,0
10380,0
15543,0
2443,1
8554,0
10541,0
345,1
814,1
6166,0
12999,0
11397,0
14748,0
15852,0
14153,0
11517,0
12298,0
5779,0
2116,1
10026,0
793,1
16113,0
6898,0
2674,1
94,1
4225,1
3756,1
2891,1
2371,1
14382,0
11420,0
15246,0
3228,1
14350,0
7863,0
6359,0
14188,0
14951,0
13102,0
7326,0
6028,0
11045,0
13429,0
11104,0
1865,1
13946,0
4612,1
10049,0
2645,1
2243,1
5373,0
2336,1
950,1
11260,0
1120,1
10789,0
2204,1
419,1
922,1
9446,0
8669,0
10227,0
5408,0
5788,0
5742,0
7667,0
5567,0
8135,0
1202,1
14726,0
10818,0
5765,0
8389,0
1970,1
11302,0
4018,1
10343,0
3687,1
13108,0
1997,1
4033,1
16036,0
11246,0
1248,1
2192,1
2712,1
9184,0
2190,1
4670,1
5142,0
5984,0
6565,0
7804,0
11954,0
6943,0
11789,0
12903,0
9510,0
10055,0
10535,0
10641,0
2136,1
1065,1
14060,0
600,1
4227,1
10813,0
7577,0
77,1
7546,0
2898,1
14340,0
4820,1
9506,0
15112,0
14139,0
6413,0
9444,0
9064,0
12042,0
8007,0
5468,0
5951,0
15834,0
11157,0
3391,1
5415,0
2560,1
16026,0
8162,0
2635,1
5256,0
3530,1
8567,0
1908,1
12621,0
15052,0
235,1
12219,0
14653,0
1604,1
7984,0
9310,0
11869,0
3490,1
15966,0
14231,0
11150,0
1994,1
2824,1
15088,0
10568,0
13924,0
1342,1
8512,0
1619,1
11905,0
5287,0
2060,1
16126,0
2219,1
9865,0
6038,0
260,1
15213,0
10231,0
12977,0
9093,0
3744,1
14594,0
2026,1
6988,0
4234,1
1917,1
1828,1
9765,0
12607,0
12941,0
6233,0
15161,0
12846,0
6283,0
4208,1
12819,0
224,1
8915,0
10002,0
9333,0
13721,0
6469,0
13956,0
15291,0
13746,0
15774,0
10954,0
846,1
4289,1
5560,0
13234,0
14309,0
2551,1
13917,0
11120,0
117,1
8837,0
5966,0
8195,0
12362,0
14043,0
8659,0
7489,0
5,1
5342,0
9111,0
10787,0
4324,1
1063,1
2590,1
8434,0
13046,0
9352,0
11062,0
3735,1
13918,0
10589,0
3517,1
6986,0
11613,0
10755,0
6767,0
5622,0
1605,1
1733,1
10516,0
10901,0
15172,0
9504,0
11640,0
3812,1
14277,0
15617,0
10554,0
10167,0
11706,0
1761,1
5401,0
2739,1
13829,0
15627,0
2472,1
6738,0
6891,0
12199,0
7943,0
12910,0
14369,0
9685,0
4206,1
6371,0
10350,0
9361,0
10348,0
232,1
8258,0
7561,0
9795,0
6168,0
11475,0
3596,1
6288,0
4632,1
125,1
7641,0
6229,0
13542,0
1296,1
1976,1
15390,0
15626,0
10267,0
12772,0
5750,0
8152,0
15737,0
3086,1
15073,0
6882,0
15116,0
7673,0
3345,1
8172,0
15303,0
5870,0
6506,0
2797,1
918,1
1646,1
5122,0
5126,0
13170,0
13623,0
4621,1
6809,0
364,1
11479,0
2125,1
8150,0
12315,0
12761,0
8717,0
13013,0
55,1
638,1
302,1
10958,0
5811,0
1276,1
14178,0
12912,0
10247,0
13568,0
13337,0
4432,1
3644,1
4143,1
2878,1
12394,0
6493,0
13367,0
10478,0
10453,0
5240,0
15276,0
10488,0
6937,0
7240,0
14124,0
9945,0
13389,0
10160,0
2593,1
11309,0
2393,1
523,1
6376,0
14980,0
6981,0
13716,0
6677,0
3900,1
15633,0
12891,0
5585,0
15207,0
7956,0
7570,0
11314,0
6777,0
12348,0
10161,0
671,1
4188,1
666,1
3266,1
1887,1
11458,0
8472,0
9911,0
11139,0
12647,0
9091,0
7687,0
6031,0
15938,0
6090,0
6238,0
7350,0
7830,0
760,1
6254,0
1906,1
12234,0
12015,0
12330,0
3818,1
6269,0
4300,1
5569,0
14388,0
7941,0
10785,0
4164,1
11223,0
5971,0
3579,1
2832,1
5449,0
3472,1
6327,0
137,1
7043,0
4892,1
2180,1
10320,0
7730,0
3177,1
4854,1
4637,1
5115,0
15111,0
7648,0
4261,1
12536,0
1331,1
10209,0
12734,0
10674,0
7002,0
9550,0
6941,0
8017,0
6241,0
9521,0
16175,0
6881,0
13051,0
10342,0
4530,1
10314,0
4673,1
12173,0
6996,0
1252,1
11470,0
3374,1
2814,1
4719,1
6544,0
10040,0
4858,1
7901,0
11229,0
8580,0
8427,0
1077,1
10176,0
4363,1
12154,0
770,1
10357,0
12725,0
8865,0
249,1
14489,0
9766,0
7239,0
14430,0
3419,1
10273,0
10015,0
15576,0
4976,1
4544,1
5565,0
7939,0
716,1
15663,0
12338,0
2048,1
5997,0
6600,0
7245,0
13456,0
4178,1
4809,1
10916,0
15394,0
7140,0
7190,0
1460,1
15106,0
5989,0
9860,0
10948,0
2000,1
12763,0
12805,0
15158,0
8175,0
404,1
384,1
15343,0
15401,0
10344,0
1633,1
15501,0
13772,0
4784,1
15358,0
6970,0
3925,1
13528,0
4158,1
7449,0
13140,0
14090,0
15419,0
13550,0
8415,0
2193,1
11328,0
12661,0
10016,0
1015,1
5124,0
13164,0
7418,0
7409,0
8989,0
2871,1
9,1
14785,0
10136,0
1838,1
4804,1
255,1
7026,0
5713,0
12677,0
3324,1
7714,0
1581,1
11148,0
924,1
15881,0
2779,1
10700,0
7891,0
6132,0
13216,0
5320,0
7312,0
7102,0
14837,0
6042,0
3775,1
4835,1
12328,0
4964,1
10971,0
539,1
7483,0
2745,1
3719,1
15478,0
6819,0
13659,0
9337,0
13319,0
4468,1
667,1
7575,0
11211,0
8549,0
5063,1
11023,0
10975,0
1353,1
13323,0
7114,0
15848,0
8662,0
2703,1
3330,1
8053,0
11829,0
9588,0
3584,1
15335,0
13454,0
5645,0
3376,1
1256,1
6190,0
11704,0
13843,0
13970,0
9442,0
13987,0
5348,0
11003,0
12490,0
11476,0
11125,0
4175,1
13460,0
4910,1
1852,1
6316,0
15007,0
12972,0
15972,0
2105,1
133,1
13428,0
5029,1
928,1
823,1
7576,0
11632,0
1531,1
1214,1
504,1
12477,0
14683,0
10188,0
6530,0
3072,1
10150,0
9576,0
9086,0
13116,0
8647,0
6619,0
13971,0
9273,0
3709,1
15554,0
4849,1
4748,1
4268,1
11714,0
12326,0
11794,0
16009,0
8905,0
4186,1
10406,0
5301,0
2923,1
6588,0
1810,1
3486,1
7419,0
3141,1
10019,0
9347,0
1324,1
4312,1
7494,0
8702,0
9872,0
8691,0
15423,0
10048,0
9580,0
13807,0
11911,0
10578,0
5541,0
11428,0
6172,0
1540,1
9409,0
2681,1
16013,0
11185,0
13704,0
6313,0
1191,1
13964,0
5293,0
1542,1
11493,0
11516,0
7056,0
2539,1
953,1
7241,0
15368,0
6731,0
4846,1
6801,0
8010,0
4330,1
8924,0
5334,0
7330,0
9348,0
4729,1
11486,0
6541,0
11174,0
5305,0
5161,0
7860,0
2156,1
1062,1
10808,0
1167,1
11414,0
3636,1
7651,0
5588,0
11130,0
15283,0
7192,0
4491,1
7266,0
11332,0
4980,1
8335,0
16123,0
11769,0
4946,1
2782,1
717,1
10011,0
2502,1
4360,1
4171,1
8082,0
15821,0
14780,0
395,1
13923,0
14512,0
7186,0
15918,0
4492,1
1365,1
15529,0
14191,0
8787,0
14397,0
12144,0
13584,0
5917,0
4968,1
2914,1
16075,0
10518,0
5644,0
3766,1
3440,1
12043,0
12324,0
7357,0
6806,0
9879,0
2143,1
5104,0
5073,1
1571,1
4079,1
1122,1
2786,1
14527,0
2967,1
2504,1
5988,0
11657,0
8867,0
11000,0
7164,0
11540,0
728,1
7587,0
7543,0
412,1
11338,0
9708,0
5745,0
7668,0
825,1
3267,1
3974,1
8808,0
8306,0
417,1
11261,0
9817,0
15305,0
6748,0
8967,0
12377,0
11088,0
15648,0
2082,1
8945,0
10738,0
12161,0
3373,1
5726,0
4107,1
10636,0
4380,1
7723,0
1066,1
3913,1
13479,0
5536,0
8002,0
5387,0
5732,0
11690,0
2738,1
5052,1
4000,1
9760,0
2427,1
11938,0
6833,0
10123,0
1687,1
851,1
11738,0
6303,0
9087,0
12784,0
14593,0
5878,0
8527,0
2839,1
11279,0
4611,1
9540,0
9207,0
11008,0
9823,0
2489,1
11922,0
6905,0
7390,0
11443,0
2849,1
15459,0
14069,0
6665,0
5881,0
10262,0
4452,1
9949,0
7421,0
13600,0
9827,0
12838,0
6484,0
2479,1
6617,0
10457,0
11151,0
13515,0
15744,0
11251,0
13245,0
14061,0
2141,1
13296,0
11310,0
5188,0
15732,0
12237,0
11548,0
2744,1
7253,0
13284,0
3506,1
1679,1
4249,1
3147,1
8130,0
10486,0
7004,0
15125,0
580,1
9662,0
12991,0
4070,1
13500,0
3343,1
13184,0
7404,0
12775,0
3672,1
559,1
5237,0
7805,0
13407,0
11041,0
512,1
12921,0
1081,1
1664,1
9204,0
1931,1
15681,0
1150,1
2838,1
5949,0
8308,0
8932,0
15866,0
14262,0
5177,0
11867,0
14098,0
830,1
8311,0
4752,1
15819,0
15760,0
16105,0
635,1
4465,1
12556,0
6799,0
7987,0
7079,0
6966,0
15202,0
4142,1
7027,0
9183,0
876,1
4869,1
5315,0
5222,0
4,1
3051,1
5691,0
3124,1
14599,0
15328,0
10852,0
2491,1
15338,0
13365,0
3854,1
13125,0
4777,1
9907,0
14640,0
7509,0
14905,0
6457,0
6293,0
1148,1
11453,0
574,1
3769,1
11928,0
4146,1
853,1
10174,0
10966,0
5919,0
13121,0
13403,0
9358,0
6614,0
6002,0
9163,0
10893,0
4495,1
8173,0
6655,0
12039,0
2368,1
12307,0
4780,1
12323,0
7992,0
2950,1
5625,0
6971,0
8716,0
10647,0
13208,0
1841,1
5986,0
537,1
2806,1
5801,0
5596,0
7206,0
7343,0
12533,0
7560,0
8096,0
11367,0
784,1
12249,0
1409,1
10729,0
154,1
7806,0
3009,1
1686,1
11093,0
4014,1
7455,0
12913,0
3863,1
2733,1
1895,1
5442,0
569,1
6709,0
5854,0
1816,1
10257,0
8319,0
3394,1
3327,1
16170,0
6102,0
2975,1
980,1
10492,0
190,1
9331,0
5088,0
699,1
15820,0
606,1
12468,0
301,1
14832,0
3420,1
15889,0
1060,1
14056,0
16031,0
10757,0
3444,1
1069,1
10716,0
2205,1
9435,0
7339,0
8208,0
7679,0
11312,0
13503,0
4642,1
7683,0
12946,0
9007,0
7996,0
11259,0
12740,0
5600,0
9151,0
7022,0
14619,0
4893,1
15636,0
225,1
14362,0
3354,1
5895,0
10677,0
8754,0
3436,1
14565,0
14373,0
1693,1
6893,0
1045,1
3446,1
12757,0
8050,0
9146,0
16169,0
10927,0
11296,0
4735,1
4496,1
1218,1
13446,0
13703,0
6015,0
9719,0
3987,1
4911,1
9492,0
4493,1
6944,0
5699,0
8352,0
12259,0
13992,0
956,1
11983,0
11426,0
2869,1
11969,0
4433,1
4973,1
14207,0
2961,1
14172,0
2200,1
98,1
15964,0
2557,1
11375,0
15586,0
8445,0
12115,0
4199,1
9637,0
5539,0
1648,1
12874,0
12915,0
12183,0
9888,0
11383,0
6197,0
6295,0
4499,1
1154,1
2255,1
15151,0
9874,0
3170,1
7400,0
10248,0
7158,0
12282,0
15986,0
3108,1
4548,1
11915,0
14589,0
5423,0
15232,0
2049,1
13168,0
11835,0
9208,0
8815,0
14681,0
15880,0
14075,0
262,1
13922,0
11561,0
4061,1
5534,0
14486,0
14257,0
6616,0
8120,0
8155,0
1802,1
4736,1
16184,0
2385,1
6694,0
5759,0
1959,1
2976,1
8680,0
1843,1
1734,1
2911,1
11411,0
8338,0
13822,0
1986,1
9561,0
6546,0
14243,0
7098,0
2811,1
659,1
9986,0
15708,0
2511,1
11589,0
4282,1
9339,0
11464,0
8800,0
6287,0
15087,0
11774,0
1930,1
7125,0
197,1
7777,0
2931,1
8004,0
2327,1
4389,1
8958,0
12688,0
4218,1
11447,0
202,1
3510,1
4931,1
14582,0
5535,0
9925,0
5791,0
10969,0
1707,1
5172,0
5249,0
13949,0
11666,0
6528,0
15961,0
5855,0
8164,0
854,1
13877,0
14555,0
4737,1
12289,0
10352,0
698,1
11344,0
11191,0
3696,1
1636,1
7280,0
7554,0
11649,0
3581,1
1291,1
12851,0
6585,0
13808,0
1853,1
5232,0
3763,1
3304,1
1495,1
13919,0
11935,0
11637,0
7994,0
1998,1
663,1
12971,0
13545,0
15584,0
3748,1
4413,1
12936,0
5530,0
5575,0
8901,0
7526,0
9474,0
5864,0
13260,0
10867,0
6776,0
12221,0
1306,1
13688,0
13696,0
7392,0
10429,0
11494,0
5592,0
15707,0
10230,0
9721,0
1663,1
5450,0
16095,0
16125,0
3627,1
13931,0
13339,0
13083,0
2693,1
11252,0
9789,0
14892,0
10921,0
10817,0
5915,0
3157,1
11506,0
9914,0
13471,0
6668,0
1059,1
4636,1
3242,1
1678,1
6892,0
6374,0
7574,0
14820,0
1757,1
6019,0
12383,0
5116,0
8755,0
7408,0
2790,1
863,1
15934,0
7858,0
1484,1
7035,0
7721,0
5977,0
5134,0
206,1
4488,1
6938,0
9062,0
12685,0
6910,0
502,1
7385,0
1028,1
3840,1
10882,0
13773,0
8110,0
14948,0
5056,1
9762,0
8154,0
10965,0
14183,0
2731,1
14434,0
8996,0
14039,0
11837,0
2454,1
12790,0
7215,0
3104,1
15265,0
13067,0
14151,0
8392,0
6278,0
3099,1
6184,0
15353,0
10470,0
3561,1
5892,0
12666,0
14624,0
12706,0
13986,0
391,1
6736,0
5618,0
5258,0
15422,0
9687,0
2695,1
2027,1
13440,0
5463,0
2568,1
8006,0
64,1
12076,0
2062,1
5276,0
7208,0
8684,0
8571,0
6331,0
4859,1
14552,0
12185,0
4887,1
9268,0
878,1
8529,0
7916,0
6863,0
7892,0
6439,0
7869,0
1016,1
9467,0
11990,0
7629,0
12743,0
11534,0
13103,0
14605,0
995,1
10173,0
4297,1
161,1
5675,0
6873,0
14737,0
12990,0
9692,0
7989,0
3843,1
13417,0
10805,0
11653,0
1021,1
3073,1
7555,0
3943,1
1585,1
10147,0
3152,1
14541,0
8226,0
12206,0
775,1
10748,0
15787,0
9670,0
7099,0
5486,0
6235,0
9555,0
7041,0
2612,1
7513,0
11016,0
10233,0
8433,0
10253,0
10555,0
8792,0
10627,0
5393,0
14502,0
11080,0
14356,0
8838,0
3890,1
3556,1
11394,0
1528,1
15167,0
1267,1
7734,0
1899,1
4658,1
3005,1
2734,1
15293,0
189,1
9998,0
9167,0
2747,1
15835,0
2047,1
7849,0
2558,1
9274,0
8666,0
15920,0
11096,0
13035,0
6396,0
12309,0
3385,1
4555,1
1184,1
6420,0
5051,1
5311,0
2433,1
6949,0
15773,0
13803,0
10583,0
769,1
15668,0
1685,1
8322,0
16023,0
11111,0
11363,0
11636,0
14423,0
5578,0
4426,1
13526,0
466,1
6265,0
5734,0
11284,0
11964,0
5191,0
13418,0
5390,0
860,1
15795,0
7270,0
